gty1.jpg|gty|[-0.026896100491285324, -0.0662284716963768, -0.1392229050397873, -0.002577871084213257, 0.04025037959218025, 0.023582877591252327, -0.045608144253492355, 0.03845968097448349, 0.1562846302986145, 0.03326992318034172, -0.018862828612327576, 0.047172918915748596, -0.086541086435318, 0.009292028844356537, 0.049737267196178436, -0.11234083771705627, 0.11286567896604538, 0.16564413905143738, -0.039817579090595245, -0.06378012895584106, 0.04393107444047928, -0.10188864916563034, -0.041318681091070175, -0.027278278023004532, -0.02771645225584507, 0.05094311013817787, 0.05961498245596886, -0.024410035461187363, -0.10585043579339981, 0.03218948841094971, 0.029090138152241707, 0.020404895767569542, -0.0225524939596653, -0.029070893302559853, -0.013456671498715878, 0.014448633417487144, 0.07163169234991074, 0.18172618746757507, 0.06870148330926895, -0.025435833260416985, -0.16116946935653687, -0.09325192123651505, 0.06155611202120781, -0.0668787881731987, -0.06787462532520294, 0.13030165433883667, -0.007367206737399101, -0.15441212058067322, 0.07721485942602158, 0.004724716767668724, -0.15599292516708374, 0.14050914347171783, -0.06310328096151352, -0.02634062059223652, -0.05943502485752106, -0.05195650830864906, -0.1276467889547348, -0.09721246361732483, 0.027991531416773796, 0.018587006255984306, 0.00851916242390871, -0.09219209104776382, 0.14492996037006378, -0.02555827982723713, -0.02032124251127243, -0.0013442042982205749, 0.10048940032720566, -0.15586762130260468, 0.1073688194155693, 0.02263164520263672, 0.02682720310986042, -0.02535836398601532, -0.006005121860653162, 0.004501376301050186, 0.06719699501991272, -0.04952944442629814, 0.05522771179676056, 0.21493647992610931, -0.09120258688926697, -0.20083211362361908, -0.09528432041406631, 0.1013396754860878, 0.10617927461862564, 0.10580862313508987, 0.12832283973693848, -0.022806715220212936, 0.2282700389623642, 0.19237670302391052, 0.16866141557693481, 0.013642605394124985, -0.09086823463439941, 0.1176072284579277, 0.02871502935886383, 0.06040642410516739, -0.10694843530654907, -0.0419282466173172, -0.015430879779160023, -0.027431011199951172, 0.03882348909974098, -0.09848044812679291, -0.05163979530334473, -0.006924203597009182, -0.12685495615005493, 0.05374043434858322, -0.0800873190164566, -0.03505239635705948, 0.2284877449274063, 0.02345522679388523, -0.016590574756264687, 0.20369236171245575, -0.02850225381553173, 0.05481094866991043, -0.12399701774120331, -0.1112317442893982, -0.026441628113389015, -0.04361184313893318, 0.03641052171587944, -0.04279382899403572, 0.01606140099465847, 0.1133638545870781, 0.028299648314714432, 0.0586094930768013, -0.031261954456567764, 0.008228689432144165, -0.11729595065116882, 0.0950842797756195, 0.017722154036164284, -0.03591932728886604]
gty2.jpg|gty|[-0.028069984167814255, -0.08165951818227768, -0.066506527364254, -0.06557244807481766, -0.03209096938371658, 0.05820528417825699, -0.03272264823317528, -0.036049045622348785, 0.1274670511484146, -0.00617109052836895, -0.04046211764216423, 0.10239852964878082, -0.08217032253742218, -0.03262009844183922, 0.03049592114984989, -0.06638369709253311, 0.0788688138127327, 0.13134892284870148, -0.02692893147468567, 0.019711775705218315, 0.02016844041645527, -0.10347180813550949, -0.030997581779956818, -0.04329096898436546, 0.007196210790425539, 0.03548542037606239, 0.041574764996767044, -0.021189656108617783, -0.13836652040481567, 0.044036075472831726, 0.0016793084796518087, 0.01680476777255535, -0.023239778354763985, -0.032102085649967194, -0.07499884814023972, 0.06278704106807709, -0.0025139227509498596, 0.19350242614746094, 0.0936918705701828, -0.0236812736839056, -0.1293785125017166, -0.01185548771172762, -0.010985472239553928, -0.0639110580086708, -0.05737374722957611, 0.061837345361709595, 0.0011467996519058943, -0.14328674972057343, 0.04300045594573021, -0.04084840416908264, -0.2160802036523819, 0.12422021478414536, 0.013941287063062191, -0.02222147397696972, -0.10141968727111816, -0.034222524613142014, -0.09819085150957108, -0.04231175035238266, 0.15816828608512878, -0.005231556482613087, -0.04432089626789093, -0.11832535266876221, 0.1406603902578354, 0.00037087732926011086, 0.03476933762431145, -0.02596944570541382, 0.0860711932182312, -0.21381144225597382, 0.10910845547914505, 0.033066004514694214, -0.004080355167388916, -0.03548702597618103, 0.026871833950281143, 0.05207504332065582, 0.0829358920454979, -0.05557367578148842, 0.0099872425198555, 0.20058584213256836, -0.11122574657201767, -0.1623547375202179, -0.12179766595363617, 0.060078565031290054, 0.11382288485765457, 0.06534283608198166, 0.12594765424728394, -0.029425162822008133, 0.2684715688228607, 0.2538612186908722, 0.09635861217975616, 0.04288840293884277, -0.13179953396320343, 0.16144275665283203, 0.004061631392687559, 0.06452331691980362, -0.09597558528184891, -0.05471116304397583, -0.057647109031677246, -0.01448879949748516, 0.015265220776200294, -0.1034998819231987, -0.08164013922214508, 0.024758728221058846, -0.12301728874444962, 0.0043776631355285645, -0.05341370031237602, 0.005739955231547356, 0.19880695641040802, 0.07001685351133347, -0.021494193002581596, 0.17122681438922882, 0.0429326593875885, -0.010805856436491013, -0.08978934586048126, -0.06441716104745865, -0.009648357518017292, -0.009418483823537827, 0.10054656118154526, -0.005538950674235821, -0.01119634322822094, 0.08772891014814377, 0.043834537267684937, 0.01966613531112671, 0.06899838149547577, 0.041530899703502655, -0.1531359702348709, 0.011903122067451477, 0.11066927015781403, -0.053355321288108826]
gty3.jpg|gty|[-0.020510835573077202, -0.0458429753780365, -0.07606026530265808, -0.08176667243242264, -0.015526268631219864, 0.02254042774438858, -0.030606426298618317, 0.008302990347146988, 0.16213728487491608, -0.019395720213651657, -0.04251200333237648, 0.09654867649078369, -0.06401801854372025, -0.0136319724842906, -0.0033263599034398794, -0.0872124508023262, 0.0620255209505558, 0.1406068205833435, -0.04166183993220329, 0.05800914764404297, 0.04785197600722313, -0.10313598066568375, -0.04364524036645889, -0.0793355405330658, 0.05772233381867409, 0.04864282160997391, 0.043262556195259094, -0.055893976241350174, -0.13265250623226166, 0.07339005172252655, -0.03908301144838333, 0.005585169419646263, 0.0024844210129231215, -0.0610169880092144, -0.11295250058174133, 0.013109518215060234, 0.01121477596461773, 0.2043362706899643, 0.07711795717477798, -0.02865471877157688, -0.14796316623687744, -0.055424124002456665, 0.01058022677898407, -0.030836526304483414, -0.07974310964345932, 0.10551798343658447, 0.007509859278798103, -0.12421514838933945, 0.07335352152585983, -0.04085547849535942, -0.1698540300130844, 0.08647821843624115, -0.007521836087107658, -0.03294260427355766, -0.08340007811784744, -0.10103124380111694, -0.060984205454587936, -0.056928131729364395, 0.10052083432674408, -0.007185977417975664, -0.021664729341864586, -0.1312263011932373, 0.1552286595106125, 0.002164490520954132, 0.026329662650823593, -0.062430813908576965, 0.10074229538440704, -0.14567318558692932, 0.0641217976808548, 0.019630810245871544, 0.011128381825983524, -0.049478814005851746, 0.010577858425676823, 0.01012267917394638, 0.03655906394124031, -0.05507676303386688, 0.041103802621364594, 0.22482925653457642, -0.12697161734104156, -0.1832757443189621, -0.15051032602787018, 0.08274577558040619, 0.12244654446840286, 0.07198572158813477, 0.10876607894897461, -0.049572136253118515, 0.26045194268226624, 0.23051105439662933, 0.10317113995552063, 0.03073110617697239, -0.11584792286157608, 0.13687840104103088, -0.025127487257122993, 0.08932855725288391, -0.07620111852884293, -0.04155169054865837, -0.03889438137412071, -0.017485516145825386, -0.007118001580238342, -0.05213826894760132, -0.06860566139221191, 0.0071463207714259624, -0.13205143809318542, -0.009209302254021168, -0.05637989938259125, 0.0029812490101903677, 0.26290521025657654, 0.07427792996168137, 0.0031340187415480614, 0.17033223807811737, 0.0024281891528517008, 0.010444395244121552, -0.0538472980260849, -0.0913611650466919, -0.042042311280965805, -0.017031241208314896, 0.06454416364431381, -0.006098713725805283, 0.010544653981924057, 0.1307041198015213, 0.06594157218933105, 0.08217667043209076, 0.013244811445474625, 0.0697171613574028, -0.11536367237567902, 0.01064314879477024, 0.09424131363630295, -0.047080326825380325]
gty4.jpg|gty|[-0.013559602200984955, -0.019358010962605476, -0.08382661640644073, -0.04706430062651634, -0.008851325139403343, 0.03396015241742134, -0.05599942058324814, -0.013273932971060276, 0.14732767641544342, 0.010751184076070786, -0.026418190449476242, 0.0955292284488678, -0.05795126408338547, -0.008938361890614033, 0.04643801972270012, -0.05898938700556755, 0.04374917596578598, 0.1009068563580513, -0.07506421208381653, 0.005205079447478056, 0.05867018178105354, -0.11611761897802353, -0.03856492042541504, -0.07928792387247086, -0.004981443285942078, 0.04297845810651779, 0.06323469430208206, -0.03871956840157509, -0.08191785216331482, 0.0400238037109375, -0.05161222442984581, -0.021107135340571404, 0.018257325515151024, -0.058116260915994644, -0.1442594975233078, 0.039551861584186554, 0.03020593523979187, 0.22897298634052277, 0.09114768356084824, -0.02299867756664753, -0.18730324506759644, -0.012919479981064796, 0.04283781349658966, -0.05144432932138443, -0.11571495234966278, 0.11638791114091873, -0.010383556596934795, -0.11315047740936279, 0.1120305061340332, -0.012775203213095665, -0.13759325444698334, 0.1554642766714096, -0.02683975175023079, -0.05878707766532898, -0.04987204447388649, -0.08800308406352997, -0.09044947475194931, -0.04641735553741455, 0.08046403527259827, -0.035822153091430664, 0.004906804766505957, -0.13802433013916016, 0.18302661180496216, -0.00655056769028306, -0.009486250579357147, -0.07203473150730133, 0.05373925343155861, -0.11406540870666504, 0.06634179502725601, 0.03598485141992569, 0.002238548593595624, -0.03044879250228405, 0.03289550915360451, 0.027238400653004646, 0.008496676571667194, -0.0397021509706974, 0.04244531691074371, 0.22345004975795746, -0.11651324480772018, -0.1890949159860611, -0.11842292547225952, 0.05512625351548195, 0.10449906438589096, 0.06193049997091293, 0.12922456860542297, -0.02959444560110569, 0.24799844622612, 0.24120914936065674, 0.12450886517763138, 0.0508677139878273, -0.06815054267644882, 0.1252778321504593, -0.0006019094726070762, 0.08767420798540115, -0.08987527340650558, -0.06909933686256409, -0.035616036504507065, -0.04562276229262352, 0.0017855771584436297, -0.07173661887645721, -0.07397691160440445, -0.00728833070024848, -0.10214748978614807, -0.012118585407733917, -0.05407559126615524, 0.026859918609261513, 0.23733724653720856, 0.059378731995821, 0.019866319373250008, 0.19373951852321625, -0.007203596644103527, -0.027831710875034332, -0.07662186026573181, -0.15425550937652588, -0.024573858827352524, -0.008919228799641132, 0.0797208771109581, 0.03510843962430954, 0.001086499309167266, 0.08122154325246811, 0.030803257599473, 0.06477327644824982, -0.011124460957944393, 0.05457188934087753, -0.1588008850812912, 0.00972698349505663, 0.07272307574748993, -0.06541264802217484]
gty5.jpg|gty|[-0.01648256741464138, -0.04236265644431114, -0.0639553964138031, -0.09798090904951096, -0.14236463606357574, -0.030132271349430084, -0.07039952278137207, -0.051457736641168594, 0.09238865226507187, 0.035297416150569916, -0.003265794599428773, 0.024584896862506866, -0.05512500926852226, 0.0843236967921257, -0.030252108350396156, -0.0861968994140625, 0.03872313350439072, 0.08965905010700226, 0.059666234999895096, 0.14363060891628265, 0.009435546584427357, -0.02813103049993515, -0.0540970079600811, -0.04377954080700874, -0.06618247181177139, 0.04016050323843956, 0.0796656459569931, -0.04374755918979645, -0.11350959539413452, 0.06648429483175278, -0.11395115405321121, -0.017456701025366783, 0.018618447706103325, 0.02901366911828518, -0.0708237886428833, 0.04522489383816719, 0.007525638677179813, 0.17165090143680573, 0.09937507659196854, -0.061194855719804764, -0.13053293526172638, 0.053416792303323746, 0.01630442589521408, -0.11250147223472595, -0.030155260115861893, 0.12914840877056122, -0.08149512857198715, -0.08602338284254074, 0.10941089689731598, -0.021655092015862465, -0.22587522864341736, 0.02254272811114788, 0.08210072666406631, -0.03902144357562065, -0.1001669242978096, -0.05268177390098572, -0.11232590675354004, -0.018219057470560074, 0.152277871966362, -0.023912254720926285, -0.08274094760417938, -0.1636081039905548, 0.14684052765369415, 0.0814715251326561, 0.029132919386029243, -0.05344477668404579, 0.03714001923799515, -0.179803267121315, -0.008668391965329647, 0.05850383639335632, 0.03667965531349182, -0.04478438198566437, 0.04416841268539429, -0.012026793323457241, 0.05483424663543701, -0.09887675195932388, -0.01688471809029579, 0.1846666783094406, -0.12374690175056458, -0.1638493686914444, -0.13881118595600128, 0.05990011617541313, 0.13682448863983154, 0.031172944232821465, 0.0730241909623146, -0.03372235968708992, 0.24506056308746338, 0.24941985309123993, 0.09294677525758743, 0.011742818169295788, -0.12492644041776657, 0.0738687589764595, -0.01716889627277851, 0.014598722569644451, -0.0417964868247509, -0.04291596636176109, -0.029789958149194717, -0.026343153789639473, -0.010690963827073574, -0.13712765276432037, -0.004056500270962715, -0.03026461787521839, -0.05946794152259827, -0.03714361786842346, -0.09199012815952301, 0.02608526684343815, 0.15463334321975708, 0.05739440768957138, -0.006496404763311148, 0.09048410505056381, 0.05482245981693268, -0.05152969807386398, -0.08005951344966888, -0.08327893167734146, -0.03705612197518349, -0.02622760646045208, 0.12178204953670502, -0.008502374403178692, -0.09219571948051453, 0.07394511252641678, 0.09654515981674194, 0.056522052735090256, 0.14975810050964355, 0.08201389759778976, -0.14680957794189453, -0.007816457189619541, 0.08349723368883133, -0.10415131598711014]
gty6.jpg|gty|[-0.02066878415644169, -0.03647835552692413, -0.031637102365493774, -0.08779370784759521, -0.12823066115379333, -0.0022244227584451437, -0.07436027377843857, -0.008409816771745682, 0.08047009259462357, 0.045591048896312714, -0.026431022211909294, 0.010389040224254131, -0.07201871275901794, 0.043822094798088074, -0.046612054109573364, -0.1155775636434555, 0.08321421593427658, 0.08740751445293427, 0.07041972875595093, 0.178623229265213, 0.03424711152911186, -0.03299436345696449, -0.06180578097701073, -0.009948056191205978, -0.06535319983959198, 0.07620293647050858, 0.023055817931890488, -0.04784788563847542, -0.12853854894638062, 0.06651914864778519, -0.08441778272390366, -0.015887828543782234, -0.027656810358166695, 0.04892157018184662, -0.06114112585783005, 0.04068361967802048, -0.02013104222714901, 0.20123383402824402, 0.07454322278499603, -0.10311854630708694, -0.17736540734767914, 0.04779522120952606, 0.0441301092505455, -0.09998886287212372, -0.03383590281009674, 0.11523839831352234, -0.08456983417272568, -0.055517662316560745, 0.07349174469709396, -0.019678406417369843, -0.22673310339450836, 0.00632622791454196, 0.09023675322532654, -0.05015409365296364, -0.10858003795146942, -0.029453488066792488, -0.10200520604848862, -0.056826211512088776, 0.15908850729465485, -0.027884474024176598, -0.03425547108054161, -0.143044114112854, 0.1351744383573532, 0.06715722382068634, 0.05057523399591446, -0.07193130999803543, 0.008353378623723984, -0.15709008276462555, 0.006750517059117556, 0.02471734955906868, 0.05635587126016617, -0.038236699998378754, 0.05634894222021103, -0.029673129320144653, 0.04551112651824951, -0.10151156038045883, 0.02346065267920494, 0.1824301779270172, -0.11218160390853882, -0.13624195754528046, -0.14499348402023315, 0.060585781931877136, 0.1662178635597229, 0.06605692952871323, 0.1184425875544548, -0.01593717560172081, 0.24077051877975464, 0.22839337587356567, 0.11514001339673996, 0.033501625061035156, -0.13140816986560822, 0.05041182413697243, -0.03478791564702988, -0.003284878097474575, -0.05031103640794754, -0.049317799508571625, -0.0025430615060031414, -0.020026810467243195, 0.029025672003626823, -0.13167378306388855, -0.02961648441851139, -0.04929303005337715, -0.09089120477437973, -0.029793668538331985, -0.06315992772579193, 0.03620345517992973, 0.12604323029518127, 0.04416923597455025, -0.005300662945955992, 0.0760432630777359, 0.08918256312608719, -0.029002366587519646, -0.08895975351333618, -0.08663441240787506, -0.07898765802383423, -0.033437956124544144, 0.1281687468290329, -0.02993907406926155, -0.0844246968626976, 0.07373866438865662, 0.09264297783374786, 0.07035288959741592, 0.15103885531425476, 0.06901455670595169, -0.11703979969024658, 0.034424491226673126, 0.11280142515897751, -0.07174237817525864]
gty7.jpg|gty|[-0.028830885887145996, -0.04871763288974762, -0.05381394922733307, -0.09717504680156708, -0.12118887901306152, 0.013306453824043274, -0.07467625290155411, -0.01385470386594534, 0.07962877303361893, 0.010741457343101501, -0.0022334677632898092, 0.053436338901519775, -0.07054221630096436, 0.029802588745951653, -0.02830181084573269, -0.07911759614944458, 0.04202257841825485, 0.06560984253883362, 0.05604678764939308, 0.15390951931476593, 0.01129863876849413, -0.016715077683329582, -0.06165052205324173, -0.05896579474210739, -0.03458217903971672, 0.07879913598299026, 0.04136384651064873, -0.015286726877093315, -0.13866014778614044, 0.06599655002355576, -0.05411410704255104, 0.02544599585235119, -0.030700696632266045, 0.024212373420596123, -0.04521547630429268, 0.040169987827539444, -0.019966645166277885, 0.1818116009235382, 0.11150357872247696, -0.07048000395298004, -0.15842200815677643, 0.0591110922396183, 0.0391288660466671, -0.09584661573171616, -0.04184005782008171, 0.10020087659358978, -0.06626414507627487, -0.08483780175447464, 0.07327538728713989, -0.020219964906573296, -0.22623641788959503, 0.039343029260635376, 0.0780193880200386, -0.03643428906798363, -0.09246889501810074, -0.04000262916088104, -0.1063140407204628, -0.030286241322755814, 0.15783275663852692, -0.010204575955867767, -0.051512155681848526, -0.15861688554286957, 0.15933658182621002, 0.05879094824194908, 0.08766107261180878, -0.04384320229291916, -0.009597661904990673, -0.1748451441526413, 0.01884310692548752, 0.026352230459451675, 0.03449976071715355, -0.03396826982498169, 0.05031882971525192, -0.031209735199809074, 0.06585083901882172, -0.10870087146759033, 0.014498711563646793, 0.18124406039714813, -0.07876750081777573, -0.12347393482923508, -0.1565001755952835, 0.06925234943628311, 0.16527137160301208, 0.058414097875356674, 0.11146958917379379, -0.04093686118721962, 0.2609955668449402, 0.22646796703338623, 0.10185682028532028, 0.04826206713914871, -0.12023427337408066, 0.06331360340118408, -0.011881195940077305, 0.03644450381398201, -0.032258350402116776, -0.04870269447565079, -0.02774018608033657, -0.02368079498410225, 0.045606885105371475, -0.12993773818016052, -0.019008446484804153, -0.006380378734320402, -0.09023429453372955, -0.023581841960549355, -0.08315834403038025, 0.025040075182914734, 0.14559905230998993, 0.06298419088125229, -0.021228792145848274, 0.07604053616523743, 0.09262684732675552, -0.04433227330446243, -0.09147127717733383, -0.09912716597318649, -0.05770266801118851, -0.03320477530360222, 0.14107158780097961, -0.039240650832653046, -0.09312862902879715, 0.05174410343170166, 0.12921662628650665, 0.08687141537666321, 0.15010778605937958, 0.07966385036706924, -0.12195522338151932, -0.016545502468943596, 0.12367080897092819, -0.10260345786809921]
gty8.jpg|gty|[0.01232747733592987, -0.05296336114406586, -0.044191669672727585, -0.08102752268314362, -0.09213008731603622, -0.008190236985683441, -0.08931040018796921, -0.022391801699995995, 0.07256023585796356, 0.04842188209295273, -0.019502880051732063, 0.05259647220373154, -0.04625197499990463, 0.027687281370162964, -0.03035392053425312, -0.11587696522474289, 0.04926180839538574, 0.0899883359670639, 0.0462016798555851, 0.15392526984214783, 0.04093506932258606, -0.03874057158827782, -0.07848910242319107, -0.06229979172348976, -0.05559205636382103, 0.07715603709220886, 0.018826037645339966, -0.029885562136769295, -0.12824831902980804, 0.05099829286336899, -0.08197537809610367, -0.013071950525045395, 0.00315790344029665, 0.05049518868327141, -0.02188589982688427, 0.05804159864783287, -0.012383044697344303, 0.164441779255867, 0.0694960430264473, -0.08741492033004761, -0.14608457684516907, 0.07054341584444046, 0.07099246978759766, -0.0911589041352272, -0.04682343825697899, 0.1332966387271881, -0.051850825548172, -0.06184196472167969, 0.08346487581729889, 0.008172489702701569, -0.27158743143081665, 0.03580613434314728, 0.04346788302063942, -0.03249618411064148, -0.1167672798037529, -0.054895203560590744, -0.09876154363155365, -0.05394349247217178, 0.14176304638385773, -0.008126912638545036, -0.05235213786363602, -0.15852685272693634, 0.17003139853477478, 0.06923463195562363, 0.0716378390789032, -0.09155722707509995, -0.010076986625790596, -0.1959226131439209, -0.012238745577633381, 0.06086800992488861, 0.030830729752779007, -0.0030601618345826864, 0.0345577746629715, 0.001675985986366868, 0.03482403606176376, -0.10046621412038803, -0.01409468986093998, 0.16402524709701538, -0.08300994336605072, -0.14160096645355225, -0.15537568926811218, 0.04942440241575241, 0.1571117341518402, 0.06866246461868286, 0.15338283777236938, -0.030668634921312332, 0.22538788616657257, 0.23263277113437653, 0.1055205762386322, 0.027167120948433876, -0.12596841156482697, 0.07548779994249344, -0.01836639828979969, 0.02999807707965374, -0.037083663046360016, -0.021991269662976265, -0.020161865279078484, -0.040559928864240646, 0.004874896258115768, -0.0941542461514473, -0.02720652148127556, -0.04154122993350029, -0.06469076871871948, -0.026123326271772385, -0.08707040548324585, 0.06508269906044006, 0.16654382646083832, 0.08333410322666168, 0.0021770885214209557, 0.09316297620534897, 0.05790264159440994, -0.036027323454618454, -0.08060675114393234, -0.09477119892835617, -0.07244089245796204, -0.03412482142448425, 0.10899315774440765, 0.002729735104367137, -0.06212332472205162, 0.05722445622086525, 0.10270554572343826, 0.08522792905569077, 0.16294686496257782, 0.08514611423015594, -0.12121035158634186, -0.036654677242040634, 0.10702431201934814, -0.07750093936920166]
xjt3.jpg|xjt|[-0.07923152297735214, -0.03276463598012924, 0.06559096276760101, -0.006999162025749683, 0.0018263171659782529, 0.038838863372802734, 0.023007499054074287, 0.19330905377864838, -0.10706644505262375, 0.14159390330314636, 0.013450692407786846, -0.05584881454706192, -0.09509675949811935, 0.013751659542322159, 0.009907223284244537, -0.0631370022892952, -0.07013269513845444, 0.016502084210515022, -0.10125479847192764, 0.00434663612395525, -0.048596154898405075, 0.09384945034980774, 0.00048662786139175296, 0.0695505440235138, -0.05422239378094673, 0.049397338181734085, -0.017415594309568405, 0.12087459862232208, -0.06352928280830383, -0.15338578820228577, -0.08719879388809204, 0.09789083898067474, 0.20476320385932922, 0.09545864164829254, 0.0860772654414177, -0.04295698553323746, -0.06489682197570801, -0.030519962310791016, -0.20170998573303223, -0.031403008848428726, 0.14833292365074158, 0.2103346288204193, -0.02559533528983593, 0.016795441508293152, -0.08379854261875153, 0.0827995240688324, 0.10022386163473129, -0.002563019748777151, -0.06886684894561768, 0.05749543756246567, -0.0010131476446986198, 0.06877068430185318, -0.10308503359556198, -0.02166023664176464, 0.05250904709100723, -0.009010070003569126, -0.07997298985719681, 0.004566617775708437, -0.04832131788134575, 0.08528903871774673, 0.008337716571986675, 0.08862653374671936, -0.03153262659907341, -0.0651111900806427, 0.05695667862892151, 0.014263009652495384, 0.05436253920197487, 0.07796484231948853, 0.06686624139547348, 0.12195977568626404, 0.11575516313314438, 0.054624974727630615, -0.13447028398513794, 0.060774125158786774, 0.012933229096233845, 0.005572913214564323, 0.050625432282686234, -0.12494243681430817, 0.2999412715435028, 0.07156083732843399, -0.08799049258232117, -0.08677799254655838, -0.026186402887105942, -0.10662734508514404, 0.17552852630615234, -0.1531810760498047, -0.07989665865898132, 0.01605353131890297, -0.25243932008743286, -0.08543741703033447, 0.07625735551118851, 0.05961696058511734, -0.147962749004364, 0.09309595823287964, 0.03452805429697037, -0.0036783996038138866, 0.12501484155654907, 0.03700030967593193, -0.036945365369319916, 0.012620768509805202, 0.20183950662612915, 0.07036026567220688, 0.1037416011095047, 0.0581473633646965, -0.06063186377286911, -0.058248214423656464, -0.004273467697203159, -0.039361752569675446, -0.019242219626903534, 0.025650151073932648, -0.09952022135257721, 0.04283807426691055, 0.020366283133625984, -0.08429812639951706, -0.10607174783945084, -0.01497585978358984, -0.022931309416890144, -0.001267526880837977, 0.03818314149975777, -0.10838088393211365, -0.0354817770421505, -0.03255567327141762, 0.04251770302653313, 0.09658639878034592, 0.03624838963150978, -0.12104129046201706, -0.02873179130256176, -0.05956852436065674]
xjt4.jpg|xjt|[-0.05474727600812912, -0.030251599848270416, 0.0090617835521698, -0.015583418309688568, -0.036438457667827606, -0.056063055992126465, 0.10284405201673508, 0.03826753422617912, -0.15321800112724304, 0.14233507215976715, -0.03464103862643242, -0.05834527686238289, -0.13279588520526886, -0.0019981719087809324, -0.011445537209510803, 0.03324292600154877, -0.09624943137168884, -0.08994307368993759, -0.045225705951452255, 0.013146724551916122, -0.03734707832336426, 0.018774429336190224, 0.04050242155790329, 0.022522635757923126, 0.06663251668214798, -0.004655380733311176, -0.16418056190013885, -0.036568187177181244, 0.016644909977912903, -0.13897651433944702, -0.13850107789039612, 0.10258907079696655, 0.1513022780418396, 0.06879330426454544, -0.04459918662905693, -0.16409946978092194, 0.0318043977022171, -0.053361814469099045, -0.0989328920841217, 0.03801821544766426, 0.12153252214193344, 0.10180574655532837, -0.02736756019294262, 0.0286153145134449, -0.06636188179254532, -0.02347249537706375, 0.0765582025051117, -0.07692026346921921, -0.09245581179857254, 0.008090532384812832, 0.08796827495098114, -0.044232163578271866, -0.16299381852149963, 0.1848384141921997, -0.022495023906230927, -0.015775276347994804, -0.06396675854921341, 0.12679913640022278, 0.012407217174768448, 0.07661420106887817, -0.03276627138257027, 0.026379691436886787, -0.04868881031870842, -0.18400943279266357, -0.014307013712823391, 0.1990506798028946, -0.0911971852183342, 0.008577512577176094, 0.0494992695748806, 0.09866448491811752, 0.014334270730614662, 0.03012913651764393, -0.10622528940439224, -0.1918734461069107, 0.02197866700589657, 0.04490505903959274, -0.026530439034104347, 0.06675365567207336, 0.05451444908976555, 0.03962574899196625, 0.06317638605833054, -0.03837532550096512, -0.1139690950512886, -0.09700015932321548, 0.19882452487945557, -0.03635131195187569, -0.08768464624881744, 0.0351775698363781, -0.12035353481769562, -0.10148848593235016, 0.15801434218883514, -0.08938150852918625, -0.05074033886194229, 0.02442437969148159, 0.05201141908764839, -0.05238504335284233, 0.10632604360580444, -0.009265868924558163, -0.12588949501514435, 0.004387045744806528, 0.13322493433952332, 0.05180949717760086, 0.0420290045440197, 0.01774151250720024, -0.1649186909198761, -0.041566479951143265, -0.11432885378599167, -0.08562875539064407, 0.1428133100271225, 0.11654512584209442, -0.12584251165390015, 0.12929506599903107, 0.14245395362377167, -0.047464676201343536, -0.057100504636764526, -0.09474263340234756, -0.007303871680051088, -0.043931685388088226, 0.039526041597127914, -0.039309509098529816, -0.07554132491350174, 0.12623436748981476, -0.14414748549461365, 0.039987459778785706, 0.046801306307315826, -0.14437879621982574, 0.05224362388253212, -0.07967428863048553]
xjt5.jpg|xjt|[0.0464262031018734, -0.057539768517017365, -0.04808822274208069, 0.002080902922898531, -0.05438728630542755, -0.15923932194709778, 0.013774199411273003, 0.16846944391727448, -0.09959326684474945, -0.00218285177834332, 0.0018790536560118198, -0.00800017174333334, -0.12119828909635544, 0.04059934988617897, -0.03012183867394924, -0.09091685712337494, 0.07604893296957016, -0.09926605969667435, 0.028210710734128952, 0.1444108635187149, 0.0285746268928051, 0.09288744628429413, -0.11356568336486816, 0.06915479153394699, 0.006958869751542807, 0.025437086820602417, -0.17429925501346588, -0.027824129909276962, -0.1710180789232254, -0.02609877474606037, -0.06736695766448975, 0.07571031153202057, 0.16748808324337006, 0.0027335442136973143, -0.11903455853462219, -0.07004804164171219, -0.022693928331136703, -2.3988161046872847e-05, -0.2064361572265625, 0.058772191405296326, 0.11079924553632736, 0.09448076039552689, 0.13476713001728058, 0.013522442430257797, 0.019903842359781265, 0.03231692686676979, -0.09652581065893173, -0.03868965059518814, -0.12494799494743347, 0.026265783235430717, 0.018173832446336746, -0.0792059376835823, -0.11959762871265411, 0.1784147322177887, -0.06778121739625931, -0.01885329745709896, -0.014019191265106201, 0.03514648228883743, -0.12035037577152252, 0.04557232931256294, -0.007625020574778318, -0.0077458154410123825, -0.09306980669498444, -0.1616515815258026, -0.20677146315574646, 0.13425253331661224, 0.002153647132217884, -0.05933148413896561, -0.01083457563072443, 0.08556102216243744, -0.0534222349524498, 0.026030613109469414, -0.06227830424904823, -0.13675855100154877, -0.011270915158092976, -0.02799823321402073, 0.07372331619262695, -0.032757796347141266, 0.019795941188931465, 0.04874379187822342, 0.03871586546301842, 0.014517365023493767, -0.18047794699668884, -0.00939967855811119, 0.09066567569971085, -0.116461843252182, -0.003990788944065571, 0.07556253671646118, 0.03214237466454506, -0.023319413885474205, 0.10542549937963486, -0.10677485913038254, -0.02141662873327732, 0.07777998596429825, 0.06033923104405403, -0.057046275585889816, 0.14709286391735077, 0.041575245559215546, 0.008061179891228676, -0.0373067669570446, 0.038877494633197784, 0.06711310148239136, 0.13613426685333252, -0.12821809947490692, -0.17826583981513977, 0.06591290235519409, -0.05794059857726097, -0.03179846331477165, 0.09407345950603485, 0.09976020455360413, -0.14599575102329254, 0.07505668699741364, 0.15431644022464752, -0.048658713698387146, -0.04306571185588837, -0.07980308681726456, 0.055717069655656815, 0.014340032823383808, -0.07119302451610565, 0.048249006271362305, -0.2045511156320572, 0.0764010101556778, -0.03656487166881561, -0.035295531153678894, 0.0400698222219944, -0.07766183465719223, -0.1510017365217209, -0.07530858367681503]
xhy1.jpg|xhy|[-0.1815251260995865, -0.02003420516848564, 0.028244877234101295, -0.1251065880060196, 0.02697063982486725, -0.06732571870088577, -0.023068102076649666, 0.08188624680042267, -0.10827082395553589, -0.050177037715911865, -0.03431955352425575, -0.04877205193042755, 0.05310715734958649, 0.08153641223907471, 0.12291253358125687, -0.10860899835824966, -0.029634106904268265, 0.17799995839595795, 0.011469750665128231, -0.06825153529644012, 0.023387989029288292, -0.06654741615056992, -0.11438006907701492, 0.06930315494537354, -0.10308561474084854, -0.06237651780247688, 0.04269666224718094, -0.13096678256988525, -0.07123574614524841, -0.055578507483005524, -0.0815202072262764, -0.2611841857433319, 0.06481961160898209, -0.09850147366523743, -0.053297627717256546, 0.014827767387032509, -0.05492517352104187, 0.18203479051589966, -0.17989344894886017, 0.055279865860939026, -0.04613389074802399, 0.02692502737045288, 0.05674202740192413, 0.11354362964630127, -0.03107827715575695, -0.06287344545125961, -0.06848450750112534, -0.1557726114988327, 0.030535779893398285, 0.12691394984722137, -0.13522624969482422, -0.08083166927099228, 0.10167097300291061, 0.17744149267673492, -0.11259771883487701, 0.009832133539021015, -0.00351192569360137, -0.049947142601013184, 0.11980561912059784, 0.0670657828450203, -0.01739342510700226, 0.02413119189441204, 0.08499694615602493, -0.06287975609302521, 0.04804353043437004, -0.07350274920463562, -0.09491574764251709, -0.036866072565317154, 0.028623094782233238, -0.008407716639339924, 0.05612434446811676, 0.007106002885848284, 0.02116617001593113, 0.07881878316402435, -0.033653777092695236, 0.011667629703879356, 0.010372091084718704, 0.06192652881145477, -0.147417813539505, 0.05658125504851341, -0.12140091508626938, -0.051583606749773026, 0.07053697109222412, 0.026615140959620476, -0.034101929515600204, -0.07606159895658493, -0.012652171775698662, 0.03781437128782272, 0.02187335677444935, 0.1139872595667839, 0.08703932911157608, 0.10250992327928543, 0.0394497811794281, 0.04403044655919075, -0.08027110248804092, 0.025143638253211975, -0.053985558450222015, 0.03969539329409599, -0.038705840706825256, -0.019345592707395554, 0.14469915628433228, 0.07948774099349976, -0.01635737158358097, -0.015242570079863071, -0.05870632454752922, -0.005100151523947716, -0.024796197190880775, 0.02777942270040512, 0.0028159180656075478, 0.263744980096817, 0.07917565852403641, 0.10089481621980667, 0.13463550806045532, 0.054457757622003555, -0.14403648674488068, -0.014764607883989811, 0.1581960916519165, 0.09460265189409256, 0.008850319311022758, -1.8488237401470542e-05, -0.11158670485019684, -0.04079604521393776, 0.043409816920757294, -0.23278069496154785, -0.03514260798692703, -0.09118828922510147, 0.018207700923085213, -0.14713473618030548]
xhy2.jpg|xhy|[-0.1347278505563736, -0.015148144215345383, 0.07993648201227188, -0.1029386967420578, 0.026882989332079887, -0.07955560833215714, -0.038344964385032654, 0.07811112701892853, -0.10247723013162613, 0.012853712774813175, -0.03652159497141838, -0.05521397665143013, 0.020711813122034073, 0.07791020721197128, 0.11827420443296432, -0.1322455257177353, -0.021106615662574768, 0.18024523556232452, -0.004865685943514109, -0.1221982091665268, 0.01945929042994976, -0.0642772763967514, -0.07516320049762726, 0.04753004387021065, -0.11073289811611176, -0.021908797323703766, 0.10224131494760513, -0.12392779439687729, -0.07702834159135818, -0.03771480545401573, -0.08175038546323776, -0.23080626130104065, 0.05622538551688194, -0.16658808290958405, -0.0406806506216526, 0.005493257660418749, -0.057585377246141434, 0.15000616014003754, -0.14436380565166473, 0.10256070643663406, -0.03024567849934101, 0.029153987765312195, 0.062382206320762634, 0.0969478040933609, -0.05611541122198105, -0.05849515646696091, -0.07121650874614716, -0.12865398824214935, -0.0007704174495302141, 0.1188238263130188, -0.10018079727888107, -0.1005268394947052, 0.1319703757762909, 0.12959904968738556, -0.06482578814029694, 0.015478086657822132, -0.004735713824629784, -0.0890335738658905, 0.1404436230659485, 0.023168081417679787, 0.02926250919699669, 0.020491451025009155, 0.07486759126186371, -0.07210987061262131, 0.03596235066652298, -0.10845012962818146, -0.10585793852806091, -0.025039855390787125, 0.011036757379770279, 0.028134498745203018, 0.0264390017837286, -0.023945458233356476, 0.05192142724990845, 0.06577864289283752, -0.01654750294983387, 0.033925097435712814, 0.002260709647089243, 0.08243487775325775, -0.14251987636089325, 0.09344330430030823, -0.11166948825120926, -0.04912211000919342, 0.06726459413766861, 0.015126493759453297, 0.005476600956171751, -0.13478796184062958, -0.04312818869948387, 0.07300137728452682, 0.02745797485113144, 0.10696626454591751, 0.12485595047473907, 0.11718616634607315, 0.02094542607665062, 0.0017205247422680259, -0.08155667036771774, 0.04189133644104004, -0.04855833575129509, 0.0724760890007019, -0.10524936765432358, 0.007539103273302317, 0.18393340706825256, 0.056309059262275696, 0.0008798867929726839, -0.020171096548438072, -0.07736840844154358, -0.03158959373831749, -0.005595608614385128, 0.0069201914593577385, -0.007885424420237541, 0.28255584836006165, 0.07953052967786789, 0.14080050587654114, 0.09779158234596252, 0.028970979154109955, -0.08564293384552002, 0.006522873882204294, 0.11797691136598587, 0.080320805311203, -0.0042756604962050915, 0.048410892486572266, -0.09750275313854218, -0.016656596213579178, -0.01844305545091629, -0.24242804944515228, -0.02338952012360096, -0.07782668620347977, 0.009264729917049408, -0.18016676604747772]
xhy3.jpg|xhy|[-0.09730067849159241, 0.04693157225847244, 0.02748817391693592, -0.027598785236477852, 0.03679821640253067, -0.1085832267999649, -0.08065163344144821, 0.11935954540967941, -0.11949583888053894, -0.022368350997567177, -0.020831461995840073, -0.042602576315402985, 0.017864713445305824, 0.03665682300925255, 0.03938682749867439, -0.06606462597846985, -0.04405756667256355, 0.17767255008220673, -0.009191502816975117, -0.06888085603713989, 0.007564872037619352, -0.06684364378452301, -0.10256856679916382, 0.05753794685006142, -0.020132066681981087, -0.07704766094684601, 0.07287447899580002, -0.11887815594673157, -0.14412033557891846, -0.028697378933429718, -0.042119842022657394, -0.2337402105331421, 0.04957820102572441, -0.16257363557815552, -0.0004673126677516848, -0.04001401737332344, -0.05800378695130348, 0.08026538789272308, -0.18303725123405457, 0.002192848362028599, -0.08764700591564178, 0.06989457458257675, 0.11247163265943527, 0.08723674714565277, -0.05773049592971802, -0.08784981817007065, -0.0326383002102375, -0.10449836403131485, -0.010876337066292763, 0.09125074744224548, -0.05377987027168274, -0.08050374686717987, 0.12024781852960587, 0.1768912971019745, -0.06849121302366257, -0.0015657483600080013, 0.026616690680384636, -0.06821718066930771, 0.16966259479522705, 0.04319759085774422, -0.01555037684738636, 0.01291360892355442, 0.026737738400697708, -0.09451737999916077, 0.028915297240018845, -0.031359653919935226, -0.1290740668773651, -0.03710020333528519, -0.028802763670682907, -0.049274202436208725, 0.056629717350006104, -0.04679344221949577, 0.05535442382097244, 0.02888442389667034, 0.005323103629052639, 0.05244988575577736, 0.015520233660936356, 0.11281146854162216, -0.16073574125766754, 0.09001605212688446, -0.1419300138950348, -0.04042255878448486, 0.051154863089323044, -0.027918001636862755, -0.00858449935913086, -0.14362023770809174, -0.001359742134809494, 0.08118648082017899, 0.04874660447239876, 0.1355835646390915, 0.06016293540596962, 0.11497535556554794, 0.010554653592407703, -0.01135841105133295, -0.10958132892847061, 0.01770506054162979, -0.05938941240310669, 0.05303686112165451, -0.08461759239435196, -0.015894873067736626, 0.2043602615594864, 0.025277500972151756, 0.02758428081870079, -0.051000628620386124, -0.09799576550722122, -0.04019467160105705, -0.038675859570503235, -0.0077696326188743114, -0.05139388516545296, 0.2913258373737335, 0.0846826359629631, 0.08972533047199249, 0.13265752792358398, 0.072062648832798, -0.09510011970996857, 0.024283304810523987, 0.10421717166900635, 0.09799298644065857, -0.022565819323062897, -0.05178793892264366, -0.10133496671915054, -0.06041645631194115, 0.04251765087246895, -0.21299386024475098, 0.015436983667314053, -0.08359279483556747, 0.062315769493579865, -0.1892082840204239]
xhy4.jpg|xhy|[-0.052322354167699814, 0.048573222011327744, 0.05475232005119324, 0.011987718753516674, 0.07972084730863571, -0.08427426218986511, -0.032360970973968506, 0.12937353551387787, -0.10034366697072983, -0.07635653018951416, -0.02902716025710106, -0.042384494096040726, 0.011262988671660423, 0.06865689158439636, 0.10728910565376282, -0.08182331919670105, -0.08350396156311035, 0.18220606446266174, 0.03172852098941803, -0.09870893508195877, -0.0037878979928791523, -0.10084229707717896, -0.12970507144927979, 0.07590959966182709, 0.014745724387466908, -0.04857490584254265, 0.08269532024860382, -0.1138012558221817, -0.11475329846143723, -0.008817545138299465, -0.02620024047791958, -0.22116300463676453, 0.06221240758895874, -0.2069251984357834, -0.01763295754790306, -0.09113496541976929, -0.02889067865908146, 0.06956128031015396, -0.20164760947227478, 0.0014384561218321323, -0.03481109067797661, 0.034928757697343826, 0.09886875003576279, 0.08693144470453262, -0.01985028386116028, -0.06537069380283356, -0.02696075290441513, -0.09513675421476364, -0.005823794286698103, 0.12041319906711578, -0.06320203840732574, -0.06002628803253174, 0.10010286420583725, 0.16417273879051208, -0.06364110857248306, 0.02431802824139595, 0.00011195313709322363, -0.004933435935527086, 0.09930311143398285, 0.04982691630721092, 0.020651204511523247, 0.02857033908367157, 0.023351823911070824, -0.10294267535209656, 0.05360853299498558, -0.04551705718040466, -0.11161603778600693, -0.044090114533901215, -0.006015576887875795, -0.0715131089091301, 0.029581958428025246, -0.06941479444503784, 0.0018457589903846383, 0.04768283665180206, 0.039521463215351105, 0.019979840144515038, -0.021980775520205498, 0.09839785844087601, -0.11997798085212708, 0.06779327243566513, -0.1709611862897873, -0.09284443408250809, 0.11687205731868744, -0.07878848165273666, -0.0020861574448645115, -0.1799411177635193, -0.006114726420491934, 0.03450140729546547, 0.10764886438846588, 0.14505387842655182, 0.09482661634683609, 0.04885480925440788, 0.038792163133621216, 0.008402460254728794, -0.08558229357004166, -0.008178157731890678, -0.038941510021686554, 0.1100243330001831, -0.10372532159090042, -0.003989777062088251, 0.1633109450340271, 0.027988305315375328, 0.028918970376253128, -0.030796930193901062, -0.03624219819903374, -0.08123747259378433, -0.039048995822668076, 0.03169570118188858, -0.09060565382242203, 0.2831284701824188, 0.057723190635442734, 0.08507809042930603, 0.11036984622478485, 0.09239987283945084, -0.07934701442718506, 0.0005258022574707866, 0.10604479163885117, 0.060015253722667694, 0.009611797519028187, -0.1190180778503418, -0.08700186759233475, -0.012511759996414185, -0.027399813756346703, -0.22535225749015808, 0.003714200807735324, -0.08278295397758484, 0.06229851022362709, -0.1692555993795395]
xhy5.jpg|xhy|[-0.02995489165186882, 0.10744965821504593, 0.02802390605211258, -0.024762438610196114, 0.10444997251033783, -0.11013996601104736, -0.0627226009964943, 0.0395527184009552, -0.08767546713352203, -0.0009342937846668065, 0.0446699820458889, -0.019891874864697456, -0.109333835542202, 0.09091302752494812, 0.04932694882154465, 0.03671342879533768, -0.05779462307691574, 0.17805887758731842, -0.11435706913471222, 0.01912929303944111, 0.015933025628328323, -0.08903078734874725, -0.11079590767621994, 0.192552387714386, 0.14747300744056702, -0.12597663700580597, 0.059084609150886536, -0.08519943803548813, -0.1417914181947708, -0.0851108580827713, -0.007183866109699011, -0.21741095185279846, 0.11629027128219604, -0.18038547039031982, 0.016763659194111824, -0.05778427794575691, -0.09768849611282349, 0.09483955800533295, -0.1132001131772995, -0.004020528867840767, -0.05216127634048462, -0.0191989503800869, 0.10405544936656952, 0.043014056980609894, -0.11679789423942566, -0.08196001499891281, -0.04679416865110397, -0.020773200318217278, -0.033572688698768616, 0.11261403560638428, -0.028354372829198837, -0.0014850316802039742, 0.03410657122731209, 0.18749122321605682, -0.05181510001420975, 0.03612838685512543, 0.04991382732987404, -0.09206113964319229, 0.08804645389318466, 0.06219594553112984, -0.0010556482011452317, 0.01818220503628254, 0.07308503985404968, -0.10720133036375046, 0.03942374885082245, 0.002859425498172641, -0.03378109633922577, 0.11776915937662125, 0.0008472714689560235, -0.019601333886384964, 0.1391475796699524, -0.06084339693188667, -0.07738590240478516, 0.0420948751270771, -0.05846739187836647, 0.1215275377035141, -0.038877222687006, 0.07578352838754654, -0.029384098947048187, 0.08707579970359802, -0.07038982957601547, -0.03547319024801254, 0.12277982383966446, -0.11832644045352936, -0.010621578432619572, -0.23272807896137238, -0.02967986837029457, 0.002489526057615876, -0.018697073683142662, 0.02760203368961811, 0.09270329773426056, 0.06484569609165192, -0.039262816309928894, 0.0629628375172615, -0.10895583778619766, -0.05470051243901253, -0.1273012012243271, 0.07896685600280762, -0.05283832550048828, -0.06730467826128006, 0.1276855766773224, 0.006330679636448622, -0.02089056931436062, -0.07397830486297607, -0.05093814432621002, -0.08812586963176727, -0.03222119063138962, -0.052053339779376984, 0.03189123049378395, 0.26168590784072876, 0.1666426956653595, 0.028494803234934807, 0.05428051948547363, 0.0075561730191111565, -0.10152275115251541, 0.06723713129758835, 0.05934650078415871, 0.03546899929642677, 0.002832314930856228, -0.11717836558818817, -0.09346071630716324, -0.10812925547361374, -0.1362469643354416, -0.10034564882516861, 0.1211380735039711, -0.028158579021692276, 0.02790330909192562, -0.08804459869861603]
sc1.jpg|sc|[0.07226836681365967, -0.041554804891347885, -0.15875191986560822, 0.031696029007434845, 0.00510239414870739, 0.08167185634374619, 0.03985375910997391, -0.04689730703830719, -0.06998293846845627, 0.09504294395446777, -0.17439746856689453, -0.006779646035283804, 0.20462991297245026, -0.0016547823324799538, 0.08938878774642944, 0.14238080382347107, 0.02180817723274231, -0.03263675421476364, -0.0013815427664667368, 0.06724917143583298, -0.018409697338938713, 0.06591837108135223, 0.07731066644191742, -0.10000477731227875, -0.05914098769426346, -0.005335599184036255, -0.010728443041443825, 0.08018271625041962, -0.08398653566837311, -0.06903805583715439, 0.08130579441785812, -0.016021838411688805, 0.10934919118881226, 0.0012982955668121576, -0.10434412956237793, -0.1028677448630333, -0.003999148029834032, 0.08304107189178467, -0.07526510208845139, -0.014194726943969727, 0.004585212096571922, -0.04587951675057411, 0.2351299524307251, 0.0974065512418747, 0.022533729672431946, -0.11838524043560028, -0.07783453166484833, 0.05365816503763199, -0.03439228981733322, 0.10609529167413712, 0.002026504836976528, 0.033114515244960785, 0.01419925782829523, 0.04605766385793686, -0.03694899007678032, 0.001033262349665165, -0.04645581543445587, -0.047331638634204865, -0.05463884398341179, 0.057570211589336395, -0.08266403526067734, -0.18464438617229462, -0.017266659066081047, -0.04730931296944618, 0.012870672158896923, 0.15534062683582306, -0.009604423306882381, -0.021618779748678207, -0.12085401266813278, 0.13905957341194153, 0.0458613745868206, -0.18789871037006378, 0.0039630769751966, 0.06487560272216797, 0.049101587384939194, -0.1549125760793686, 0.10462115705013275, 0.07793933898210526, -0.006472586188465357, 0.07110744714736938, -0.041688185185194016, -0.042934369295835495, -0.1697460561990738, -0.0024177066516131163, 0.0854712501168251, 0.04924611747264862, 0.10354910045862198, 0.1006956622004509, 0.028912177309393883, -0.026858476921916008, 0.011048702523112297, -0.04370638728141785, -0.16701415181159973, -0.04399316757917404, 0.1780795454978943, -0.022248312830924988, -0.06043890118598938, 0.018292753025889397, 0.1904907524585724, 0.005314172711223364, 0.007558084093034267, -0.05116153508424759, -0.020421618595719337, 0.09026561677455902, -0.01655031554400921, 0.019076606258749962, -0.14690153300762177, 0.26308366656303406, -0.08369746804237366, -0.06049501895904541, -0.022650180384516716, -0.05737289413809776, 0.094675213098526, 0.061810579150915146, 0.13718001544475555, -0.09415735304355621, -0.1444963663816452, 0.02120722457766533, 0.08500207960605621, -0.15290920436382294, 0.036347560584545135, -0.08169635385274887, 0.0012640844797715545, 0.043929826468229294, -0.0795740932226181, -0.048636455088853836, 0.11066903173923492, -0.14173921942710876]
sc2.jpg|sc|[0.066890649497509, -0.07202284783124924, -0.20975372195243835, -0.022548435255885124, 0.05504657328128815, 0.0550125353038311, 0.012077047489583492, -0.05062521994113922, -0.05495966970920563, 0.07069052010774612, -0.1506785899400711, 0.02314986288547516, 0.20821043848991394, -0.0038521578535437584, 0.10488393157720566, 0.16713738441467285, 0.007954325526952744, -0.027813978493213654, 0.06158866360783577, 0.07079093903303146, 0.0020416276529431343, 0.09020337462425232, 0.12741456925868988, -0.10698262602090836, -0.09820720553398132, -0.002892383374273777, 0.05615761876106262, 0.10535629093647003, -0.04435744509100914, -0.08269550651311874, 0.040916018187999725, -0.026102188974618912, 0.11936847120523453, 0.029260976240038872, -0.10283194482326508, -0.07861649990081787, 0.013643881306052208, 0.08647213131189346, -0.08453261107206345, 0.011391849257051945, -0.0008591573568992317, -0.008055830374360085, 0.17199118435382843, 0.12508231401443481, -0.04854545742273331, -0.05069185048341751, -0.010610338300466537, 0.047100502997636795, -0.027308901771903038, 0.16745443642139435, 0.031550098210573196, 0.04973798245191574, 0.007202206179499626, 0.000606375455390662, -0.05551719665527344, -0.057496313005685806, -0.05455521121621132, 0.008777754381299019, -0.05108221620321274, -0.0018309912411496043, -0.07952544093132019, -0.24150827527046204, 0.05338913947343826, -0.029868753626942635, 0.005995149724185467, 0.14099983870983124, -0.03253364562988281, -0.052685268223285675, -0.11683069169521332, 0.1311957985162735, 0.04971293359994888, -0.08611619472503662, -0.029369156807661057, 0.07756087929010391, 0.021942265331745148, -0.1444902867078781, 0.08718693256378174, 0.011732819490134716, 0.03555509075522423, 0.026470456272363663, -0.06008702144026756, -0.07207236438989639, -0.2072802633047104, 0.04109053313732147, 0.011050809174776077, 0.07729188352823257, 0.11419443041086197, 0.07759395986795425, 0.03900636360049248, -0.02188338153064251, -0.015731530264019966, -0.027552396059036255, -0.0912792757153511, -0.07380535453557968, 0.16018952429294586, 0.0061079575680196285, -0.075240358710289, -0.03173002228140831, 0.19350042939186096, -0.009319630451500416, -0.012370605953037739, -0.03008943609893322, -0.03265577182173729, 0.0834273174405098, -0.05082656815648079, 0.02886180952191353, -0.1099611297249794, 0.27327442169189453, -0.026246920228004456, -0.02282540127635002, -0.031202606856822968, -0.1365736722946167, 0.09140702337026596, 0.1223231628537178, 0.10144752264022827, -0.11848553270101547, -0.117996945977211, 0.016554268077015877, 0.11948198825120926, -0.16124175488948822, 0.017501240596175194, -0.050885871052742004, 0.026971502229571342, 0.06909243762493134, -0.04032280296087265, -0.07896053045988083, 0.08777300268411636, -0.13017554581165314]
sc3.jpg|sc|[0.07816503942012787, -0.07397343963384628, -0.17769373953342438, -0.0022600009106099606, 0.004915273282676935, 0.041664667427539825, 0.0036539467982947826, -0.029197826981544495, -0.0233764685690403, 0.09133806079626083, -0.12181304395198822, -0.00932835228741169, 0.22270800173282623, -0.011404896154999733, 0.06575675308704376, 0.19524189829826355, 0.01418878510594368, -0.0469479002058506, 0.055611878633499146, 0.13151255249977112, -0.02537747286260128, 0.09311717003583908, 0.05514111369848251, -0.03331685811281204, -0.06603863090276718, -0.03159201890230179, 0.045468904078006744, 0.08765055984258652, -0.0570068433880806, -0.07243215292692184, 0.04218020662665367, -0.008177263662219048, 0.051197368651628494, -0.012586185708642006, -0.06615373492240906, -0.10613638907670975, -0.03145645558834076, 0.08922979980707169, -0.07598505169153214, 0.029282236471772194, -0.027151111513376236, -0.023497289046645164, 0.2057415246963501, 0.12033288925886154, -0.016644345596432686, -0.10428421199321747, -0.048502810299396515, 0.07395119965076447, -0.0393688790500164, 0.16842682659626007, -0.015588225796818733, 0.02905060350894928, -0.027740247547626495, 0.033737003803253174, -0.02927750162780285, 0.019452711567282677, -0.06441761553287506, -0.006943546701222658, -0.03443342074751854, 0.03033222258090973, -0.08449666202068329, -0.2682984173297882, 0.01705603301525116, -0.03365616127848625, -0.004896712023764849, 0.1536029428243637, -0.05538163706660271, -0.05095208063721657, -0.122535839676857, 0.109467513859272, 0.025676410645246506, -0.09670345485210419, -0.019124770537018776, 0.0831437036395073, 0.020007621496915817, -0.14277473092079163, 0.06355932354927063, 0.05760274827480316, 0.028041910380125046, 0.05996747687458992, -0.02102321945130825, -0.06714936345815659, -0.17218975722789764, 0.008618814870715141, -0.014326680451631546, 0.09290994703769684, 0.14854134619235992, 0.13300132751464844, 0.01961630955338478, -0.006909580901265144, -0.044996101409196854, -0.025671696290373802, -0.10907503962516785, -0.06813102960586548, 0.1611456573009491, 0.009796390309929848, -0.11026717722415924, -0.01746407337486744, 0.17806094884872437, -0.017593685537576675, 0.010414288379251957, -0.03673448786139488, -0.0065500629134476185, 0.06323305517435074, -0.06023706868290901, 0.014410143718123436, -0.10058996081352234, 0.28715234994888306, -0.04141397029161453, -0.00544739980250597, 0.011023401282727718, -0.12665951251983643, 0.07728607952594757, 0.11424541473388672, 0.16127055883407593, -0.07882681488990784, -0.11751279979944229, 0.05376069247722626, 0.06816844642162323, -0.1350625455379486, 0.02313102036714554, -0.06140856072306633, 0.05130615830421448, 0.002181089948862791, -0.05432531237602234, -0.10828934609889984, 0.09209439903497696, -0.15532247722148895]
sc4.jpg|sc|[-0.06539107114076614, 0.010968273505568504, -0.17952868342399597, -0.13950316607952118, -0.02661496214568615, 0.11554768681526184, 0.08908096700906754, -0.12043460458517075, -0.05411795154213905, -0.05486726760864258, -0.112612783908844, 0.12061677128076553, 0.1619342714548111, -0.0203099362552166, 0.023691702634096146, 0.12191028147935867, -0.09879039227962494, -0.008987431414425373, -0.02771618589758873, 0.08465418964624405, 0.04248757287859917, 0.08541274070739746, 0.05550920590758324, -0.2480187565088272, -0.05707965046167374, -0.11914427578449249, -0.05925554782152176, 0.020790766924619675, 0.07013601064682007, -0.01875806786119938, 0.03231276944279671, -0.003691392485052347, -0.051419008523225784, -0.05019736289978027, 0.03757572919130325, -0.17492730915546417, 0.06427687406539917, 0.021657031029462814, 0.05263702571392059, 0.0726051926612854, 0.1179705485701561, 0.02132539078593254, 0.1687876433134079, 0.03613691404461861, -0.046247608959674835, -0.10679636150598526, 0.0918828547000885, -0.08555981516838074, -0.024256568402051926, 0.0614822655916214, 0.11693492531776428, -0.04647908732295036, -0.04894334450364113, 0.18257994949817657, -0.03245158866047859, -0.07372602075338364, 0.008933106437325478, -0.1668461263179779, -0.053415391594171524, 0.06440883129835129, 0.09383129328489304, -0.1740012913942337, -0.005825988482683897, 0.10451161861419678, 0.025157375261187553, 0.04065406322479248, -0.12660837173461914, -0.06332408636808395, -0.14914968609809875, 0.03284458443522453, -0.012860666029155254, -0.14584511518478394, 0.0051440224051475525, 0.054786842316389084, -0.17068849503993988, -0.0956217348575592, -0.08140353858470917, 0.17110200226306915, 0.041113756597042084, -0.029568247497081757, 0.050164662301540375, 0.04462876915931702, -0.14122022688388824, 0.05667831003665924, 0.038765791803598404, 0.05138783901929855, 0.1318208873271942, 0.039140842854976654, 0.009271511808037758, -0.03847615048289299, -0.02764219418168068, 0.16188205778598785, -0.06260379403829575, -0.05330485850572586, 0.03574086353182793, -0.027948936447501183, -0.03926512226462364, -0.05206412076950073, 0.14385703206062317, -0.08552531898021698, 0.0105392225086689, 0.015245205722749233, -0.11326517164707184, 0.015981245785951614, 0.013677832670509815, 0.05188566818833351, 0.11995524168014526, 0.058409083634614944, -0.1256948709487915, 0.0382816456258297, -0.13869622349739075, 0.1498332917690277, 0.162312850356102, -0.03328720107674599, 0.09418221563100815, -0.03746078535914421, -0.08257678151130676, -0.13006210327148438, 0.035722360014915466, -0.018691420555114746, 0.026312950998544693, -0.086845263838768, -0.026229187846183777, 0.01775621995329857, 0.04253266006708145, -0.06978875398635864, 0.01767856813967228, -0.05243394151329994]
sc5.jpg|sc|[-0.026156414300203323, 0.0029362975619733334, -0.13423247635364532, -0.11520478129386902, 0.006816702429205179, 0.12407787144184113, 0.0512344129383564, -0.14518381655216217, -0.06911424547433853, -0.04997311159968376, -0.10994238406419754, 0.11921031773090363, 0.16058461368083954, -0.0685928463935852, 0.021703632548451424, 0.11911556124687195, -0.09377409517765045, -0.023005403578281403, -0.020416857674717903, 0.07067006081342697, 0.050074730068445206, 0.07061982899904251, 0.044564779847860336, -0.19266632199287415, -0.08507882803678513, -0.07992873340845108, -0.0697135254740715, 0.07130390405654907, 0.11198974400758743, -0.026028379797935486, 0.007668329868465662, 0.0068426369689404964, -0.03877847269177437, -0.06280513852834702, 0.036214474588632584, -0.18956708908081055, 0.06036888062953949, 0.010347466915845871, 0.050948355346918106, 0.039318379014730453, 0.09576422721147537, -0.05401034280657768, 0.17257294058799744, 0.03417271375656128, -0.056224629282951355, -0.08394896239042282, 0.08094396442174911, -0.11440553516149521, -0.06330034136772156, 0.0651424452662468, 0.11169587075710297, -0.057486049830913544, -0.048294562846422195, 0.17927245795726776, -0.05205579847097397, -0.05947920307517052, 0.0030589099042117596, -0.14916586875915527, -0.06726504117250443, 0.06648951023817062, 0.06356056034564972, -0.23466216027736664, 0.026245098561048508, 0.12853455543518066, 0.04159507155418396, 0.036188755184412, -0.08660462498664856, -0.10841537266969681, -0.11443132907152176, 0.044668473303318024, -0.005056940019130707, -0.13690368831157684, -0.04163725674152374, 0.04291236400604248, -0.1928858458995819, -0.08927509933710098, -0.06492674350738525, 0.19841942191123962, 0.06666935980319977, -0.04207916930317879, 0.04134133458137512, 0.0834408774971962, -0.1578439325094223, 0.03658884018659592, 0.017782555893063545, 0.0775032639503479, 0.08439966291189194, 0.05364223197102547, -0.00225321133621037, -0.01788875088095665, -0.10808354616165161, 0.15707841515541077, -0.04178795590996742, -0.043465506285429, 0.019469894468784332, -0.007393352221697569, -0.015212174504995346, -0.09615287184715271, 0.1526932269334793, -0.016200155019760132, 0.013537072576582432, -0.021915500983595848, -0.11024636775255203, 0.007170503027737141, 0.003230135655030608, 0.05640032887458801, 0.1306590884923935, 0.07365792244672775, -0.13034364581108093, 0.04806946963071823, -0.16737575829029083, 0.17006894946098328, 0.14308924973011017, -0.016675785183906555, 0.10841204226016998, -0.005916838068515062, -0.06285779178142548, -0.09907320141792297, 0.012288694269955158, -0.04618658870458603, 0.06035231053829193, -0.04816772788763046, -0.013157010078430176, 0.013089444488286972, 0.016689468175172806, -0.03783229738473892, 0.035277675837278366, -0.0613563098013401]
sc6.jpg|sc|[0.025630667805671692, 0.03604571893811226, -0.02264111116528511, -0.010932729579508305, 0.02362683415412903, 0.036055345088243484, -0.00951852835714817, 0.004075528122484684, 0.004557047970592976, 0.06608601659536362, -0.21899014711380005, -0.004924035631120205, 0.26226723194122314, 0.07245081663131714, 0.002256675623357296, 0.027027875185012817, -0.01727459952235222, -0.03818734735250473, 0.0076834592036902905, 0.10692181438207626, -0.0011677765287458897, -0.014655860140919685, 0.07588715106248856, -0.049082040786743164, -0.2177630364894867, 0.01250716857612133, -0.02469177357852459, 0.05623416602611542, 0.018417250365018845, 0.02177312783896923, -0.018573038280010223, 0.12030399590730667, 0.04092003032565117, -0.06877481192350388, -0.09342797100543976, -0.05842715501785278, 0.0693039819598198, 0.10935889184474945, -0.13988280296325684, -0.021313870325684547, -0.20458155870437622, 0.11844345182180405, 0.1704089641571045, 0.047728441655635834, -0.056404098868370056, -0.27205270528793335, 0.024903317913413048, 0.03226581960916519, -0.06225786358118057, -0.0015071099624037743, 0.041152890771627426, -0.01820329762995243, 0.05937015637755394, 0.02340833842754364, 0.0021086635533720255, 0.0958138108253479, -0.14106082916259766, 0.049992647022008896, 0.0314093753695488, 0.17679090797901154, -0.11713359504938126, -0.20820966362953186, -0.011747038923203945, 0.1410406529903412, 0.04304102808237076, 0.09280148148536682, 0.042730797082185745, 0.1511102020740509, -0.015747811645269394, 0.0954236090183258, 0.034363754093647, -0.1326005756855011, -0.0405113510787487, 0.013428878970444202, -0.018906444311141968, -0.028415627777576447, -0.009869124740362167, 0.02761353924870491, -0.008431156165897846, 0.10491172224283218, 0.007980507798492908, -0.028080202639102936, -0.11050444096326828, 0.08367253839969635, 0.023622777312994003, 0.09913063049316406, 0.07196661829948425, 0.052980683743953705, -0.09390620142221451, -0.1087142750620842, 0.007028007414191961, -0.1617581844329834, -0.060075968503952026, 0.03682354465126991, 0.12036225944757462, 0.056509166955947876, -0.03572987765073776, 0.07047159224748611, 0.1580055207014084, -0.052307114005088806, 0.02624412439763546, -0.030824674293398857, 0.10592177510261536, 0.09316409379243851, 0.006264937110245228, 0.15353049337863922, -0.12359222024679184, 0.16258138418197632, -0.008121510036289692, -0.02081201784312725, 0.07318241149187088, -0.024502789601683617, 0.07939527928829193, -0.0037672612816095352, 0.04555569589138031, -0.11278921365737915, 0.008678929880261421, 0.05151309072971344, 0.17011207342147827, -0.036163654178380966, 0.06148337945342064, 0.14554500579833984, -0.03839079290628433, -0.016012853011488914, -0.03996705263853073, 0.003124695038422942, 0.077840656042099, -0.07485325634479523]
sc1.jpg|sc|[-0.005977659020572901, -0.01282558310776949, -0.2721443474292755, -0.0460672527551651, 0.0073663219809532166, 0.017895793542265892, 0.0142057528719306, -0.0499415323138237, -0.08432091027498245, 0.09769919514656067, -0.18648605048656464, 0.11154671758413315, 0.17734697461128235, 0.07142297923564911, 0.14691795408725739, 0.13918544352054596, 0.0363144688308239, 0.005927001126110554, -0.012652706354856491, 0.07058083266019821, 0.011998594738543034, 0.11710011214017868, 0.08671881258487701, -0.1330457329750061, -0.08219799399375916, -0.011885426938533783, 0.023650899529457092, 0.0600939579308033, -0.10491655766963959, -0.016241205856204033, 0.10948564857244492, 0.04884001612663269, 0.022544680163264275, -0.05539418011903763, -0.09829238802194595, -0.07458638399839401, 0.002199545269832015, 0.027480583637952805, 0.006225363817065954, 0.015472128055989742, 0.06935613602399826, -0.05334300175309181, 0.19315463304519653, 0.1106778234243393, 0.0268882904201746, 0.014151916839182377, -0.03928224369883537, 0.02712569572031498, 0.017864005640149117, 0.18060404062271118, 0.07033945620059967, 0.03702821210026741, 0.009142654947936535, 0.04323940724134445, -0.07589137554168701, 0.046722497791051865, -0.02347046323120594, -0.06371767073869705, -0.06465963274240494, 0.05434175208210945, -0.057611048221588135, -0.2171671837568283, 0.11784832179546356, 0.029691647738218307, 0.02673960104584694, 0.23310284316539764, 0.02371252328157425, -0.07060331106185913, -0.14623479545116425, 0.12320481240749359, 0.00952843762934208, -0.1296122670173645, -0.044197507202625275, -0.009088383987545967, -0.0034724026918411255, -0.10759663581848145, 0.05050506815314293, 0.10877956449985504, -0.10068997740745544, -0.017672695219516754, -0.06073116138577461, -0.07403380423784256, -0.16343602538108826, -0.07013089209794998, 0.002958506578579545, 0.06201858073472977, 0.06493006646633148, -0.027598461136221886, -0.1022786945104599, -1.6810628949315287e-05, -0.07804803550243378, 0.0012235575122758746, -0.041745759546756744, -0.046491675078868866, 0.16016151010990143, -0.0855049416422844, -0.06374728679656982, -0.044247064739465714, 0.057302411645650864, -0.02122601307928562, 0.03725413233041763, 0.04792742803692818, -0.11318202316761017, 0.16667374968528748, -0.08418551832437515, -0.03701706975698471, -0.05641090124845505, 0.2906956076622009, -0.07089196145534515, -0.03090207651257515, -0.03398444876074791, -0.06968648731708527, 0.09929266571998596, 0.0724659264087677, 0.06774918735027313, -0.03516702353954315, -0.11797081679105759, -0.030422672629356384, 0.043299511075019836, -0.12380789965391159, -0.0025465504731982946, 0.012823264114558697, 0.04034340754151344, 0.03943591192364693, -0.037492237985134125, -0.0008755379822105169, -0.01796884275972843, -0.12113562226295471]
sc2.jpg|sc|[0.03994257375597954, -0.0094375591725111, -0.20458410680294037, -0.03732600435614586, -0.002445852616801858, 0.04704420641064644, 0.04904894903302193, -0.05372307077050209, -0.07407164573669434, 0.09687593579292297, -0.18862701952457428, 0.06583627313375473, 0.20981906354427338, 0.061222273856401443, 0.1471276879310608, 0.19168876111507416, 0.002402333775535226, -0.005171686876565218, -0.10985904186964035, 0.07882749289274216, 0.034471672028303146, 0.18486012518405914, 0.11177317053079605, -0.1635376363992691, -0.10027515143156052, -0.04436418041586876, 0.04955597221851349, 0.06998073309659958, -0.07191392779350281, -0.04307526722550392, 0.05482311174273491, -0.023528773337602615, 0.017338037490844727, -0.0710374042391777, -0.08073342591524124, -0.04462796077132225, 0.012149285525083542, 0.05603676661849022, -0.03891032189130783, -0.04410792887210846, 0.023847442120313644, -0.014387144707143307, 0.17553965747356415, 0.11398040503263474, 0.022591153159737587, -0.029224853962659836, -0.016117079183459282, -0.009838147088885307, 0.003467811970040202, 0.17005276679992676, 0.07213883846998215, 0.025898700580000877, -0.026345858350396156, 0.10432979464530945, -0.05254269391298294, 0.03829681873321533, -0.019451230764389038, -0.06716474145650864, -0.045607659965753555, 0.0444381907582283, -0.04358476772904396, -0.23457174003124237, 0.15434177219867706, 0.010783554054796696, -0.02924276515841484, 0.22856290638446808, 0.011898442171514034, -0.06798288226127625, -0.09912638366222382, 0.13062506914138794, -0.04089585691690445, -0.1319650113582611, -0.025093059986829758, -0.036489225924015045, 0.013233025558292866, -0.07229655981063843, 0.03933744505047798, 0.10749577730894089, -0.07666879147291183, 0.07361925393342972, 0.021341364830732346, -0.10599963366985321, -0.16254685819149017, 0.01139295194298029, 0.03363443911075592, 0.04385920614004135, 0.02500896342098713, 0.006980223581194878, -0.12551221251487732, -0.013482877053320408, 0.0008902132394723594, 0.007211658172309399, -0.06615699827671051, -0.12227454781532288, 0.09038697183132172, -0.05292682349681854, -0.07240251451730728, -0.02050916664302349, 0.019021429121494293, -0.013546627946197987, 0.047766707837581635, 0.051061782985925674, -0.13349366188049316, 0.13544169068336487, -0.043859075754880905, 0.03941189870238304, -0.01883995719254017, 0.29967087507247925, -0.04310854524374008, -0.08394695818424225, -0.0005869587184861302, -0.049690838903188705, 0.12123487889766693, 0.01959836296737194, 0.10395310819149017, -0.06724215298891068, -0.07712710648775101, 0.048708319664001465, 0.02355985902249813, -0.1239527091383934, -0.0360107496380806, -0.03497472032904625, 0.04209890589118004, 0.03817899897694588, -0.010351990349590778, -0.07236848026514053, 0.0454731211066246, -0.11164971441030502]
sc3.jpg|sc|[0.024151939898729324, -0.022026779130101204, -0.22003282606601715, -0.03541720658540726, 0.024733584374189377, 0.015330084599554539, 0.015501043759286404, -0.04601314291357994, -0.11760623008012772, 0.11649220436811447, -0.1554914265871048, 0.10774587839841843, 0.17520341277122498, 0.03745567053556442, 0.16315874457359314, 0.17466363310813904, -0.02409897744655609, -0.018648222088813782, -0.10074789822101593, 0.0768786147236824, 0.0306947510689497, 0.18852119147777557, 0.11769504100084305, -0.13246344029903412, -0.11489938199520111, -0.024848731234669685, 0.04329643025994301, 0.09007176756858826, -0.08328264951705933, -0.029450053349137306, 0.05127769708633423, -0.02425428293645382, 0.024351131170988083, -0.09531018882989883, -0.09183548390865326, -0.031179212033748627, 0.011529509909451008, 0.061472337692976, -0.03731023520231247, -0.0410609133541584, 0.03466097265481949, -0.0060704369097948074, 0.18167808651924133, 0.12407013773918152, 0.020653044804930687, 0.01802535355091095, -0.006554373539984226, 0.006318589672446251, 0.012187441810965538, 0.17764118313789368, 0.09420483559370041, 0.06390254199504852, -0.022876955568790436, 0.11366459727287292, -0.06620259582996368, 0.013555260375142097, -0.041736163198947906, -0.039013221859931946, -0.04550487548112869, 0.04665299504995346, -0.058558497577905655, -0.2112571746110916, 0.15440154075622559, 0.01229702029377222, -0.010193724185228348, 0.20683921873569489, 0.035304874181747437, -0.045683354139328, -0.09555622935295105, 0.10886242985725403, -0.021555913612246513, -0.13820594549179077, 0.01237886119633913, -0.05569048970937729, 0.03400276228785515, -0.08867967873811722, 0.04724278301000595, 0.12634259462356567, -0.08140134811401367, 0.062388624995946884, -0.015949295833706856, -0.09069184958934784, -0.17722466588020325, -0.01945359632372856, 0.024043433368206024, 0.046607743948698044, 0.02041049301624298, -0.02613159641623497, -0.12667585909366608, -0.008847218938171864, 0.0022717711981385946, 0.04450138658285141, -0.059484757483005524, -0.11105012148618698, 0.09875945746898651, -0.06354864686727524, -0.07947298884391785, -0.031347308307886124, 0.007788253016769886, -0.056521132588386536, 0.02859911136329174, 0.051074035465717316, -0.136140376329422, 0.15853917598724365, -0.04207519814372063, 0.022746361792087555, -0.024616671726107597, 0.28531578183174133, -0.039701394736766815, -0.04090423882007599, 0.007690736558288336, -0.05569643899798393, 0.12246699631214142, 0.04177452623844147, 0.09743441641330719, -0.06407081335783005, -0.09224893152713776, 0.043527595698833466, 0.03523685038089752, -0.14339670538902283, -0.04166724532842636, 0.01193822082132101, 0.0502372644841671, 0.03363022953271866, -0.0094369538128376, -0.02939070761203766, 0.04201586917042732, -0.12790827453136444]
sc4.jpg|sc|[0.026235779747366905, 0.01781994104385376, -0.14324039220809937, -0.05456490442156792, 0.053760118782520294, 0.08131654560565948, 0.0026573895011097193, -0.024890687316656113, -0.028315238654613495, 0.02417892962694168, -0.19211170077323914, 0.06569318473339081, 0.18109330534934998, 0.06539372354745865, 0.04885641485452652, 0.18063180148601532, -0.026634475216269493, 0.022278625518083572, -0.06614015996456146, 0.09008128196001053, 0.029379045590758324, 0.09905298799276352, 0.05407474562525749, -0.07529445737600327, -0.12914028763771057, -0.04910074546933174, 0.021771157160401344, 0.04829399660229683, -0.08706224709749222, -0.03790166974067688, 0.06464164704084396, -0.05534364655613899, 0.043014638125896454, -0.05309125781059265, -0.10991943627595901, -0.02771877683699131, -0.059061333537101746, 0.11077726632356644, -0.06161996349692345, -0.011719702742993832, 0.075517937541008, 0.03406528756022453, 0.1970311850309372, 0.05525097995996475, 0.02386459708213806, -0.022902466356754303, -0.06052377447485924, -0.056993529200553894, -0.05947966128587723, 0.20435519516468048, 0.0524095818400383, 0.09430203586816788, 0.0010153728071600199, 0.08261219412088394, -0.0615757592022419, 0.0419803261756897, 0.024719789624214172, -0.04339475557208061, -0.021100623533129692, 0.041322823613882065, 0.014591350220143795, -0.25957077741622925, 0.09387002885341644, -0.04679742828011513, -0.01840885728597641, 0.2137770801782608, 0.014450536109507084, -0.13118135929107666, -0.15075194835662842, 0.10002774745225906, 0.0035599200055003166, -0.12332168966531754, -0.030904579907655716, 0.0070822881534695625, -0.009710115380585194, -0.028458496555685997, 0.026126494631171227, 0.08859611302614212, -0.09753641486167908, 0.06707125157117844, 0.04721575975418091, -0.08644822239875793, -0.19552962481975555, 0.0068122087977826595, -0.03214949741959572, 0.09810904413461685, 0.04496306926012039, 0.015655094757676125, -0.06708098202943802, 0.02697072923183441, -0.028167327865958214, 0.002777733374387026, -0.09927915781736374, -0.07704825699329376, 0.133980855345726, -0.1244092732667923, -0.1405973732471466, -0.06775947660207748, 0.11753982305526733, 0.019852951169013977, 0.018584780395030975, 0.12215922772884369, -0.18442821502685547, 0.026319781318306923, -0.047643695026636124, 0.004404745995998383, -0.006070401985198259, 0.2696768343448639, -0.04540753737092018, -0.04933001473546028, -0.07634443789720535, -0.037512701004743576, 0.21696430444717407, 0.05960991978645325, 0.04921673983335495, -0.07086408138275146, -0.11841138452291489, -0.0007977660861797631, 0.013194258324801922, -0.07195527106523514, -0.042309246957302094, -0.09607890248298645, 0.04835062101483345, -0.00895621720701456, -0.011137783527374268, 0.007589476648718119, 0.023483512923121452, -0.11867912113666534]
sc5.jpg|sc|[0.04751535505056381, 0.00474178371950984, -0.19238455593585968, -0.07118729501962662, 0.001068477751687169, 0.04506508633494377, 0.04424268752336502, -0.053033389151096344, -0.05726640671491623, 0.10387145727872849, -0.17092064023017883, 0.11855659633874893, 0.22309108078479767, 0.038943588733673096, 0.10873297601938248, 0.16484101116657257, -0.011222208850085735, 0.01692098006606102, -0.09846324473619461, 0.08258853107690811, 0.03329593315720558, 0.18796177208423615, 0.10720273852348328, -0.15429072082042694, -0.10260447859764099, -0.044273361563682556, 0.02716117724776268, 0.06161070615053177, -0.07283250242471695, -0.02735249511897564, 0.059236567467451096, -0.04124272242188454, 0.046192944049835205, -0.05865383520722389, -0.05077560991048813, -0.08034398406744003, -0.020877288654446602, 0.10169097036123276, -0.02729780785739422, -0.04826486483216286, 0.027033396065235138, -0.030103646218776703, 0.1755393147468567, 0.09994345158338547, 0.022546077147126198, -0.0194717850536108, -0.03320598602294922, -0.032023947685956955, -0.0019009062089025974, 0.1900559365749359, 0.049769479781389236, 0.07872463017702103, -0.033491890877485275, 0.0723709985613823, -0.06431537121534348, 0.04119640216231346, 0.003130611963570118, -0.0621701255440712, -0.03021453134715557, 0.0847681537270546, -0.03965533897280693, -0.24508216977119446, 0.14163923263549805, -0.016737505793571472, -0.021558938547968864, 0.20656150579452515, 0.03800598531961441, -0.10040537267923355, -0.07615669816732407, 0.11025554686784744, -0.00779413478448987, -0.13874869048595428, -0.03908686712384224, -0.02450522966682911, 0.0046875569969415665, -0.059235747903585434, 0.07406480610370636, 0.09741930663585663, -0.06520284712314606, 0.07222930341959, -0.015317397192120552, -0.09318436682224274, -0.16220244765281677, -0.014865728095173836, 0.012542651034891605, 0.10692211240530014, 0.0339810810983181, 0.015997204929590225, -0.12109162658452988, 0.01986338384449482, -0.0329957976937294, 0.03509221225976944, -0.10750457644462585, -0.09211406856775284, 0.12540365755558014, -0.07600770145654678, -0.07668749243021011, -0.06001211330294609, 0.06424780935049057, -0.01605287380516529, 0.04333464428782463, 0.10517273098230362, -0.1131257489323616, 0.0937543734908104, -0.049662090837955475, 0.012241651304066181, -0.007708498276770115, 0.2877255380153656, -0.05907594412565231, -0.047623563557863235, -0.04704682528972626, -0.06338238716125488, 0.13968424499034882, 0.05089268460869789, 0.06366018205881119, -0.058665383607149124, -0.12990130484104156, 0.0030607087537646294, 0.0076249949634075165, -0.11253788322210312, -0.05003432184457779, -0.055286552757024765, 0.0919344499707222, 0.012906898744404316, -0.00786994956433773, -0.009997676126658916, 0.03510904684662819, -0.09688915312290192]
sc6.jpg|sc|[0.04719648137688637, -0.03239716961979866, -0.2360919713973999, -0.08333945274353027, 0.025554699823260307, 0.019559485837817192, 0.03970158100128174, -0.03395085409283638, -0.09709636867046356, 0.08601466566324234, -0.18662166595458984, 0.1494162678718567, 0.22624245285987854, 0.04097980633378029, 0.08653713762760162, 0.1555766463279724, 0.007417664397507906, 0.01664520427584648, -0.06762280315160751, 0.08721601217985153, 0.021517781540751457, 0.16795746982097626, 0.0965721532702446, -0.1344023197889328, -0.16918997466564178, -0.023983974009752274, 0.02456853538751602, 0.1018131673336029, -0.05587300658226013, -0.02974037081003189, 0.02145208977162838, -0.006850154604762793, 0.027679162099957466, -0.05858577415347099, -0.037290655076503754, -0.04336726292967796, 0.0042943512089550495, 0.10938353091478348, -0.03810994699597359, -0.04554504156112671, 0.04035753756761551, -0.012203043326735497, 0.1853356808423996, 0.050180476158857346, 0.029837291687726974, -0.011748233810067177, -0.008219045586884022, -0.04801637679338455, -0.026413217186927795, 0.1902512013912201, 0.07469719648361206, 0.050779979676008224, -0.04655938223004341, 0.07770856469869614, -0.08512362837791443, 0.01979524828493595, -0.027368089184165, -0.05197782441973686, -0.05781378597021103, 0.10905036330223083, -0.04284726083278656, -0.20692139863967896, 0.14025849103927612, -0.0041175223886966705, -0.03267635032534599, 0.23109620809555054, 0.07474090903997421, -0.07221121340990067, -0.07834551483392715, 0.10816296935081482, -0.010728025808930397, -0.15615242719650269, -0.02181374281644821, -0.029752856120467186, 0.008375629782676697, -0.051287513226270676, 0.06250317394733429, 0.0981505811214447, -0.0752531886100769, 0.06776776164770126, -0.029992543160915375, -0.09311583638191223, -0.16104696691036224, -0.0038470893632620573, -0.013030586764216423, 0.14122535288333893, 0.03982722386717796, -0.030157985165715218, -0.09528911113739014, 0.030292939394712448, -0.03205471485853195, 0.0025666533038020134, -0.0886925607919693, -0.09858386218547821, 0.10760871320962906, -0.07444591075181961, -0.07747996598482132, -0.06292329728603363, 0.07548881322145462, -0.03436053544282913, 0.03486158698797226, 0.09359442442655563, -0.11749422550201416, 0.0999239981174469, -0.04166804626584053, 0.004826782271265984, -0.011917772702872753, 0.26254209876060486, -0.03918440639972687, -0.0673922523856163, -0.05077759921550751, -0.020611513406038284, 0.13124088943004608, 0.06827596575021744, 0.08235687017440796, -0.039599765092134476, -0.13187727332115173, -0.02599458582699299, 0.03873599320650101, -0.13041549921035767, -0.01863127201795578, -0.021433480083942413, 0.08419744670391083, 0.0175459086894989, -0.0027224819641560316, 0.03679615259170532, 0.023226739838719368, -0.05252770707011223]
sc7.jpg|sc|[0.030787818133831024, -0.02536868490278721, -0.17720496654510498, -0.03381010890007019, 0.02520878240466118, 0.0310718584805727, 0.039128899574279785, -0.04236624017357826, -0.06329483538866043, 0.1389324963092804, -0.1816578507423401, 0.1369946002960205, 0.2281315177679062, 0.0467936173081398, 0.11044580489397049, 0.18407900631427765, -0.025123609229922295, -0.02459002286195755, -0.08708570897579193, 0.08773896843194962, 0.027666334062814713, 0.18276195228099823, 0.11088433861732483, -0.1310870200395584, -0.1383790373802185, -0.02231578156352043, 0.027019692584872246, 0.05316854640841484, -0.05023349076509476, -0.05137604475021362, 0.03866977617144585, 0.005880731623619795, 0.0018097251886501908, -0.09852742403745651, -0.07325977832078934, -0.07020380347967148, -0.021920552477240562, 0.10143992304801941, -0.05660279467701912, -0.08903692662715912, 0.05437032878398895, -0.00041605212027207017, 0.2025681436061859, 0.08458574116230011, 0.04290653392672539, -0.005812163930386305, 0.014950491487979889, -0.020335212349891663, 0.020989863201975822, 0.18392355740070343, 0.07981178164482117, 0.050824448466300964, -0.0025527244433760643, 0.0865665003657341, -0.10538432002067566, 0.037966787815093994, 0.0029333438724279404, -0.04456062614917755, -0.05680016428232193, 0.07893090695142746, -0.03176962211728096, -0.2395748347043991, 0.12654468417167664, -0.008152633905410767, -0.02397763542830944, 0.209464430809021, 0.08066162467002869, -0.05837815999984741, -0.08218544721603394, 0.12795506417751312, -0.0036492429208010435, -0.14213909208774567, -0.019816776737570763, -0.020299125462770462, 0.019048431888222694, -0.044191088527441025, 0.055387549102306366, 0.11333966255187988, -0.05912303552031517, 0.05446473881602287, -0.028089167550206184, -0.07491205632686615, -0.13303165137767792, -0.01882382482290268, 0.042035263031721115, 0.11951260268688202, -0.001899788505397737, -0.014872753992676735, -0.11980900913476944, 0.008085662499070168, -0.003583697136491537, 0.024631327018141747, -0.09662996232509613, -0.07704517990350723, 0.12428533285856247, -0.08401323109865189, -0.10217539221048355, -0.047893378883600235, 0.027831729501485825, -0.025387167930603027, 0.015184331685304642, 0.06992648541927338, -0.13522133231163025, 0.0994034931063652, -0.04163321107625961, 0.03642900288105011, -0.03759924694895744, 0.25705981254577637, -0.06316201388835907, -0.08711230754852295, -0.04915677011013031, -0.0002095621603075415, 0.12543632090091705, 0.04006730765104294, 0.07289036363363266, -0.05872184783220291, -0.10878363996744156, 0.011735175736248493, 0.0670463964343071, -0.13268329203128815, -0.019608620554208755, -0.023614896461367607, 0.10219258815050125, 0.04456823691725731, -0.027131613343954086, -0.01618991419672966, 0.04660234972834587, -0.07253936678171158]
sc8.jpg|sc|[0.021341858431696892, -0.01119363121688366, -0.1896788477897644, -0.05015997216105461, 0.029700998216867447, 0.017734618857502937, 0.05778380483388901, -0.034520260989665985, -0.10796500742435455, 0.12526701390743256, -0.17090581357479095, 0.1183454692363739, 0.23250584304332733, 0.0811009332537651, 0.09833519905805588, 0.18256674706935883, -0.01926565356552601, -0.0005668508820235729, -0.03861599415540695, 0.11722342669963837, 0.04844970628619194, 0.17834040522575378, 0.11440196633338928, -0.13519935309886932, -0.14111226797103882, -0.019808435812592506, 0.03797097131609917, 0.05808842182159424, -0.06371306627988815, -0.03218964487314224, 0.042914483696222305, 0.014227655716240406, 0.027791012078523636, -0.07280179858207703, -0.056843217462301254, -0.0825633779168129, -0.018496999517083168, 0.07888840138912201, -0.03355565667152405, -0.10983729362487793, 0.04118015244603157, 0.004096131771802902, 0.2320997565984726, 0.06747443228960037, 0.03007163107395172, 0.003228920279070735, 0.007585853338241577, -0.03771952912211418, 0.021925443783402443, 0.15046891570091248, 0.08925577998161316, 0.06593933701515198, 0.009738137945532799, 0.06515472382307053, -0.08800995349884033, 0.016854967921972275, -0.008645079098641872, -0.040167611092329025, -0.044951293617486954, 0.07318692654371262, -0.005104821640998125, -0.2482171654701233, 0.10682791471481323, -0.015576022677123547, 0.024199048057198524, 0.19119267165660858, 0.06117546930909157, -0.07685086876153946, -0.05725717544555664, 0.0809234082698822, 0.03431588038802147, -0.14442011713981628, -0.051889341324567795, -0.07495710253715515, 0.005939930211752653, -0.050829559564590454, 0.0828942283987999, 0.09248009324073792, -0.09571615606546402, 0.03923835977911949, -0.029586274176836014, -0.05791031941771507, -0.1492849439382553, 0.010165810585021973, -0.016909152269363403, 0.0930798351764679, 0.009175129234790802, 0.0024504761677235365, -0.09540501236915588, -0.01205106358975172, -0.021607674658298492, -0.002747214399278164, -0.09595182538032532, -0.06360425055027008, 0.12736140191555023, -0.08022686094045639, -0.09318742156028748, -0.06585987657308578, 0.04139133542776108, -0.023868359625339508, 0.04433130845427513, 0.05560876056551933, -0.12453155219554901, 0.0804658755660057, -0.08098200708627701, 0.025802545249462128, -0.04101448133587837, 0.29289233684539795, -0.06494945287704468, -0.06393235176801682, -0.06376270204782486, -0.03132730349898338, 0.15546469390392303, 0.058826565742492676, 0.06106894090771675, -0.04810955375432968, -0.14602866768836975, -0.012177243828773499, 0.0618940144777298, -0.12088492512702942, -0.008625593036413193, -0.03240597993135452, 0.07226664572954178, 0.016483299434185028, -0.013257317245006561, -0.01123029738664627, 0.018551861867308617, -0.10394040495157242]
sc9.jpg|sc|[0.051778219640254974, -0.005348465405404568, -0.21712131798267365, -0.07361846417188644, 0.018577951937913895, 0.02001275308430195, 0.031933896243572235, -0.04932809993624687, -0.11145828664302826, 0.1272842139005661, -0.13416364789009094, 0.11849043518304825, 0.18893833458423615, 0.034059833735227585, 0.11129388213157654, 0.1606425791978836, -0.025753919035196304, 0.011845936998724937, -0.061944298446178436, 0.09513776749372482, 0.029996734112501144, 0.17208631336688995, 0.08851350098848343, -0.12470307946205139, -0.13654884696006775, -0.06040818616747856, 0.04082779958844185, 0.09449214488267899, -0.09423022717237473, 0.010941100306808949, 0.01855606958270073, -0.05092593654990196, 0.026152729988098145, -0.05425763875246048, -0.030895469710230827, -0.06093195080757141, -0.007615257054567337, 0.08680345863103867, -0.04943056404590607, -0.08136674761772156, 0.02560162916779518, 0.012884242460131645, 0.18001678586006165, 0.10013461112976074, 0.014660941436886787, -0.02157890796661377, -0.004053225740790367, -0.05350165441632271, -0.012419975362718105, 0.20175939798355103, 0.0597258135676384, 0.09589429944753647, -0.00819378811866045, 0.09096213430166245, -0.08779744803905487, 0.008410029113292694, 0.0177108533680439, -0.018227653577923775, -0.05041755735874176, 0.09462902694940567, -0.06225300580263138, -0.25849658250808716, 0.05918264016509056, 0.027428800240159035, -0.014310188591480255, 0.2349838763475418, -0.003881552955135703, -0.06522095203399658, -0.11896392703056335, 0.06723610311746597, 0.027885952964425087, -0.13037578761577606, -0.011072332970798016, -0.032694388180971146, 0.014827410690486431, -0.019970614463090897, 0.06993231177330017, 0.10220209509134293, -0.08795110881328583, 0.041164036840200424, -0.01972833089530468, -0.0823199525475502, -0.15316630899906158, -0.022016895934939384, 0.01483963243663311, 0.09398747235536575, 0.037497036159038544, -0.02107245661318302, -0.086307093501091, 0.030394790694117546, -0.03588052839040756, 0.025783618912100792, -0.09570962190628052, -0.08934461325407028, 0.1361963301897049, -0.08240747451782227, -0.05625869706273079, -0.06405086815357208, 0.07080235332250595, -0.01743771880865097, 0.014198895543813705, 0.08499246835708618, -0.14457730948925018, 0.0732075423002243, -0.05607468634843826, 0.01669142208993435, -0.04301683232188225, 0.2931808531284332, -0.07236067950725555, -0.04158801585435867, -0.02331063151359558, -0.06679137796163559, 0.13984769582748413, 0.07658453285694122, 0.06281469017267227, -0.03411790356040001, -0.15403325855731964, 0.04257844388484955, 0.021358497440814972, -0.1644018441438675, -0.04962980002164841, -0.01908537559211254, 0.019988087937235832, 0.04420686140656471, -0.025420894846320152, 0.014200270175933838, 0.050897177308797836, -0.06790434569120407]
sc10.jpg|sc|[-0.046800460666418076, -0.02550697699189186, -0.16582459211349487, -0.0016248977044597268, 0.03555794060230255, -0.027397196739912033, 0.07257183641195297, -0.060607243329286575, -0.07775524258613586, 0.13717085123062134, -0.1597108393907547, 0.08880484104156494, 0.1950896680355072, 0.10757255554199219, 0.05281997472047806, 0.17540183663368225, 0.010324287228286266, 0.006825888995081186, -0.016407188028097153, 0.13328835368156433, 0.02641778066754341, 0.1289403736591339, 0.09343069791793823, -0.1380399465560913, -0.07356589287519455, -0.06358249485492706, 0.012780420482158661, 0.06788966804742813, -0.1316060572862625, -0.0035513662733137608, 0.0915200337767601, -0.027224024757742882, 0.008707382716238499, -0.061230409890413284, -0.09747908264398575, -0.04710892587900162, 0.006158422213047743, 0.053681932389736176, -0.05025181174278259, -0.10147657990455627, 0.023856958374381065, -0.027677644044160843, 0.24891908466815948, 0.07157139480113983, 0.02166815474629402, -0.06244242563843727, -0.05717566981911659, 0.005700064357370138, 0.0202985480427742, 0.183128222823143, 0.09933680295944214, 0.04229268431663513, 0.027444062754511833, 0.00569529552012682, -0.07938531041145325, 0.035111989825963974, -0.04510464519262314, -0.008951397612690926, -0.03795614093542099, 0.06795328110456467, -0.036408547312021255, -0.2097914218902588, 0.08574190735816956, 0.025723453611135483, 0.06271903961896896, 0.19853706657886505, 0.07222066074609756, 0.008872585371136665, -0.09926341474056244, 0.04088183119893074, 0.06978066265583038, -0.18131931126117706, -0.11307094246149063, 0.00612765084952116, -0.0331234484910965, -0.1051243245601654, 0.08023112267255783, 0.1160723939538002, -0.11519418656826019, 0.06167106330394745, -0.03888298198580742, -0.0020838347263634205, -0.13227374851703644, -0.07448722422122955, -0.012040679343044758, 0.05518949031829834, 0.0256915632635355, 0.031756509095430374, -0.06645116955041885, 0.07098298519849777, -0.029792532324790955, 0.032565709203481674, -0.04539147764444351, -0.07999657094478607, 0.11940639466047287, -0.020500313490629196, -0.10335373133420944, -0.057498008012771606, 0.049270328134298325, -0.008764340542256832, 0.043422505259513855, -0.00214293017052114, -0.14606714248657227, 0.07980354875326157, -0.078556127846241, 0.044073253870010376, -0.03838125988841057, 0.3361855447292328, -0.06326921284198761, -0.0910615622997284, -0.002187564503401518, -0.09310253709554672, 0.09203684329986572, 0.018174616619944572, 0.05127395689487457, -0.07311779260635376, -0.14078524708747864, -0.001829716027714312, 0.08330950886011124, -0.11693892627954483, 0.0004955100594088435, 0.017919568344950676, 0.06701640039682388, -0.019100841134786606, -0.01750442199409008, 0.02993592992424965, -0.021431012079119682, -0.1136409118771553]
sc11.jpg|sc|[-0.06690508872270584, -0.05219664052128792, -0.21057595312595367, -0.0822547897696495, -0.012672625482082367, 0.006034165155142546, 0.09206273406744003, -0.1068582758307457, -0.07051631063222885, 0.0689505785703659, -0.18959058821201324, 0.048961590975522995, 0.2042042315006256, 0.10351860523223877, 0.07673349231481552, 0.24125102162361145, -0.011130055412650108, 0.044747572392225266, -0.03017595410346985, 0.12784039974212646, 0.030650164932012558, 0.12991051375865936, 0.1094757616519928, -0.14786343276500702, -0.08967162668704987, -0.05674370750784874, 0.015937622636556625, 0.04169904813170433, -0.06217244267463684, 0.01483285054564476, 0.07899396121501923, -0.012034757994115353, 0.0389464907348156, -0.013819679617881775, -0.08668635785579681, -0.07739929109811783, -0.040049780160188675, 0.05401059240102768, -0.10761056840419769, 0.00019997866183985025, -0.0147494375705719, -0.03941332548856735, 0.18244339525699615, 0.1016060933470726, -0.0036094803363084793, -0.09105488657951355, -0.06216781213879585, 0.0211067795753479, -0.0074249631725251675, 0.1778392642736435, 0.08744381368160248, 0.006443907972425222, 0.005525143351405859, 0.03991787135601044, -0.07239199429750443, 0.0818931981921196, -0.05558605119585991, -0.05379887670278549, -0.050600554794073105, 0.07436829060316086, -0.04212816059589386, -0.23782488703727722, 0.03175888955593109, 0.043663810938596725, 0.06362215429544449, 0.2630024552345276, 0.04157629609107971, -0.022522076964378357, -0.0768158882856369, 0.09181948751211166, 0.023650318384170532, -0.18955840170383453, -0.07350336760282516, 0.014309173449873924, -0.0020337486639618874, -0.08165571838617325, 0.04230955243110657, 0.12549063563346863, -0.07423389703035355, 0.0441170409321785, -0.03488904982805252, -0.019505925476551056, -0.156211256980896, 0.0012982108164578676, 0.002344347769394517, 0.06801949441432953, 0.0997113510966301, 0.001828489126637578, -0.09118805825710297, 0.021248575299978256, -0.026387935504317284, 0.013312299735844135, 0.005468421615660191, -0.06271793693304062, 0.1288711428642273, -0.04143291711807251, -0.10885748267173767, -0.01293070986866951, 0.009518115781247616, -0.024269279092550278, 0.052979905158281326, 0.05312223732471466, -0.10065516084432602, 0.09100490063428879, -0.06613507866859436, 0.039815474301576614, -0.018660468980669975, 0.2811821699142456, -0.08604126423597336, -0.06129494309425354, -0.03940260037779808, -0.043374836444854736, 0.14847536385059357, 0.02155257575213909, 0.07706046849489212, -0.04782230034470558, -0.03971925377845764, -0.013757063075900078, 0.07601416110992432, -0.10811018198728561, 0.06426379084587097, 0.0122975530102849, 0.059576068073511124, 0.02985743060708046, -0.018317073583602905, -0.0663905218243599, 0.008704204112291336, -0.09170854091644287]
